pub_identity,detail,monday,tuesday,wednesday,thursday,friday,saturday,sunday,brunch,dart,entertain,favourite,garden,history,late,music,pool,quiz,roast,sport
0027d4bf-8c57-473e-aa7e-33a3b1b1d95b,,,,,7.30pm quiz,,,,,,,,,,,,,7.30pm thursday,,
00578cd5-83ea-4e42-941e-347298312015,Pub with fine dining. Outdoor seating,,,,,,,,,,,,,,,,,,,
0070a010-95c5-494b-878f-47bcae4be933,Outdoor seating. Closed Sunday.,,,,,,,,,,,,,,,,,,,
008849b1-87fd-4453-90f8-9b0089e78063,Mon ukulele. Tue Irish music. Thur live piano. Sun folk music,,,,,,,,,,,,,,,,,,,
013c54a0-e7d1-4da6-bce1-995d7be626c9,Giant stainless window with outdoor seating,,,,,,,,,,,,,,,,,,,
01e4fc21-05fd-4289-aa17-8b6f1ecbaff1,some live music events,8pm quiz,,,,,,,,,,,,,,some live music events,,8pm monday,,
0252299e-ca2a-4dad-941f-c48bd96d99b6,,,7.30pm quiz,,,,,,,,,,,,,,,7.30pm tuesday,,
027f706e-bd89-4b8e-861e-c9b0f3c21779,Mon-Sat: jazz brunch,,,,,,,,,,,,,,,,,,,
02a020c2-6a22-426a-87ec-06d7b7be54ad,Outdoor seating,,,,,,,,,,,,,,,,,,,
02d0238e-4c9e-4b8b-a3d7-75932572cd2b,,8pm quiz,,,,11pm live music,11pm live music,,,,11pm live music friday & saturday,,,,,,,8pm monday,,
030c2476-0498-4cdf-8368-5a55a1e8f902,"Fri/Sun live music, Closed Mon-Wed",,,,,,,,,,,,,,,,,,,
034f929e-3ec9-4e3d-b7aa-ecaf4ecab4a7,Wed 7pm quiz,,,,,,,,,,,,,,,,,,,
03720287-a239-42f8-9919-ba66747271b4,Table tennis and outdoor seating,,,,,,,,,,,,,,,,,,,
038b9ae5-c670-4797-ae52-571c8eea95f1,Taproom with outside seating. Closed Sun/Mon,,,,,,,,,,,,,,,,,,,
039eff8c-6227-49b2-be8a-36126274addf,Thur 8pm quiz. Riverside pub,,,,,,,,,,,,,,,,,,,
04738700-75a2-4d5c-864d-de41c81995db,Views over the river. Tue 7pm quiz. Sun live jazz,,,,,,,,,,,,,,,,,,,
04972c65-d348-4b94-b7c4-d22f6ae9578b,Traditional pub,,,,,,,,,,,,,,,,,,,
04ea139a-05b9-42ee-8bd0-3f3271c750e1,Monday bingo,,,,,,,,,,,,,,,,,,,
05493a89-5d8f-407c-b5ca-d269f6d5af55,Brunch 12noon Saturdays,,,,,,,,,,,,,,,,,,,
059d6c74-dbe3-4b7b-96cf-baa93595976c,Traditional pub,,,,,,,,,,,,,,,,,,,
05f4d08e-e2cc-4597-9964-96bc3fd9c799,Sat live music. Closed Mon,,,,,,,,,,,,,,,,,,,
060e9c82-2b9f-4547-bd1e-eb313934bc6b,Thurs 7.30pm quiz,,,,,,,,,,,,,,,,,,,
068816e9-c598-43e3-a324-2e79bbdbe25f,Classic pub,,,,,,,,,,,,,,,,,,,
06d84519-d68f-4037-a943-fb10361b023d,Riverside pub with Wed 8pm quiz,,,,,,,,,,,,,,,,,,,
06e2e2ca-8d55-41ac-bf73-855d9019d6f1,Traditional pub. Closed Mon/Tue,,,,,,,,,,,,,,,,,,,
06f154c0-d04f-45a7-9c9b-2832b779a411,Rooftop bar with accommodation,,,,,,,,,,,,,,,,,,,
0748c729-9d48-488a-b224-f6bcec262442,Pretty decor. Tue 8pm quiz. Karaoke hire,,,,,,,,,,,,,,,,,,,
0749dc1d-64cb-4c59-b900-82481ccb3fc4,Quirky front room decor with outdoor seating,,,,,,,,,,,,,,,,,,,
07880a7e-e71d-474e-9919-a5d0401ffd8b,Modern pub,,,,,,,,,,,,,,,,,,,
0789f736-9172-4748-8736-6d71f3d9b4e4,Classic pub,,,,,,,,,,,,,,,,,,,
07cb0b23-2f4a-4ad6-9425-61afba597d59,Thurs-Sun only,,,,,,,,,,,,,,,,,,,
07ced535-706f-4e45-9cb9-26e0850855ed,Theatre shows,,,,,,,,,,,,,,,,,,,
083fcd78-e119-48ec-92c1-604a8645fb7c,Close to music venue,,,,,,,,,,,,,,,,,,,
086c0823-e45c-4973-9bff-ef07bbb9d14a,Quiz and bingo nights,,,,,,,,,,,,,,,,,,,
08d5404b-ae5c-4e66-b7d3-b3b50958895e,Traditional pub,,,,,,,,,,,,,,,,,,,
096d7663-cbd1-446f-8c85-6760d22b7599,Modern pub,,,,,,,,,,,,,,,,,,,
09e133c1-5f81-4792-bbad-8cb3e30d75f7,Traditional pub but closed Mon,,,,,,,,,,,,,,,,,,,
0a0b64ce-badb-49b7-b4e6-2a725d564598,Tue board games night. Fri/Sat DJs. Sun 8pm quiz,,,,,,,,,,,,,,,,,,,
0a1f8e69-4020-4dad-8a4a-a3925e7d03ce,Various music events,,,,,,,,,,,,,,,,,,,
0a8a43f0-000e-4a88-9874-d13926e71eed,Riverside bar with outdoor seating. Thur 7.30pm pub quiz,,,,,,,,,,,,,,,,,,,
0b077dca-28af-4973-88c4-39ffe0b4f2cf,0,,,,,,,,,,,,,,,,,,,
0b1ef52c-4497-4de4-b606-305b2ee1911e,Wed quiz. Sat live music,,,,,,,,,,,,,,,,,,,
0b938518-efd3-47e3-bdc8-5c276cf701ef,Outdoor seating and poker nights,,,,,,,,,,,,,,,,,,,
0c00dbd3-a6fd-4c6b-8006-2d98c0d8b175,0,,,,,,,,,,,,,,,,,,,
0c2cae40-bf1d-402b-bcd9-d7d22cb9c0f1,Traditional pub,,,,,,,,,,,,,,,,,,,
0c448145-6d59-4bd8-abe8-ab0327021ea6,Tiki bar,,,,,,,,,,,,,,,,,,,
0d0566ca-beb3-41be-8a22-5415fcf79d43,"Floating boat bar with live music. Tue, Sat/Sun comedy",,,,,,,,,,,,,,,,,,,
0d2fa8e4-7e01-405e-91be-f59cfbd35277,TBC,,,,,,,,,,,,,,,,,,,
0d4dd558-590d-4046-a40d-87b1475fb44a,Tue 7.30p quiz,,,,,,,,,,,,,,,,,,,
0f215e66-e989-484c-a456-e2c06e807d29,Traditional pub,,,,,,,,,,,,,,,,,,,
0f579ca8-06f4-427a-ab4d-ae685bc3a473,Some live acts,,,,,,,,,,,,,,,,,,,
0f955e0b-e77a-4a59-8c8d-3297abca1313,Tue quiz. Sun music. Outdoor seating,,,,,,,,,,,,,,,,,,,
105f372b-0c99-4eaf-8490-6355c87414b7,Traditional pub with outdoor seating o,,,,,,,,,,,,,,,,,,,
10a50535-ea54-48e5-840b-0f467d4b339a,Traditional pub,,,,,,,,,,,,,,,,,,,
10c365ee-4888-4527-9734-cb36708b07db,Gatropub,,,,,,,,,,,,,,,,,,,
10dc64f5-8af5-40bf-a626-55a2c00a913d,Occasional pub quiz,,,,,,,,,,,,,,,,,,,
10f611a2-512f-4b07-aa57-8de878ccbb3b,Scenic bar views,,,,,,,,,,,,,,,,,,,
111a75e9-2d09-486a-a54e-5992dbc2eca0,Outdoor seating. Mon/Tue closed.,,,,,,,,,,,,,,,,,,,
1133ab17-2ca6-456a-844f-e1eb40a8bb3d,Outdoor seating,,,,,,,,,,,,,,,,,,,
1150b070-051c-4757-9539-0b085a4551dc,Weatherspoons at O2,,,,,,,,,,,,,,,,,,,
1190fe04-7140-4fc0-82a1-8aa5e60e2cf0,TBC,,,,,,,,,,,,,,,,,,,
11e6a9b3-c9bb-4074-99b3-ac719ffcd1ff,"Rooftop bar. Attached cinema, live music and DJs. Closed Mon",,,,,,,,,,,,,,,,,,,
1271097e-084d-4fe9-a4fa-753df9ad1268,Occasional quiz night,,,,,,,,,,,,,,,,,,,
128ebbec-59a4-431c-9473-fc011f0210ca,Regular comedy and theatre,,,,,,,,,,,,,,,,,,,
12a39cf2-449c-4e3e-b7ca-40622cf386aa,"Tuesday 7.30pm quiz, Outdoor seating",,,,,,,,,,,,,,,,,,,
12b05c98-b08f-4df2-850e-76180a358f48,Thur steak night,,,,,,,,,,,,,,,,,,,
1305f2b9-18f3-4e05-964c-000407d6dc88,Rooftop bar,,,,,,,,,,,,,,,,,,,
13177ee7-67ff-42b4-8bd1-4c1f7a91598f,"Mon:comedy, Wed:8pm quiz",,,,,,,,,,,,,,,,,,,
132ae07c-5a77-4646-b439-efb23e4ae3cf,Riverside bar,,,,,,,,,,,,,,,,,,,
1342830d-e087-49e6-8266-71ea278355b2,Regular DJs,,,,,,,,,,,,,,,,,,,
139bde09-27ac-4b94-a94e-9a030fffa1a8,Weatherspoons,,,,,,,,,,,,,,,,,,,
13fb6723-9762-460f-95e1-0da7c5a12f52,Traditional pub,,,,,,,,,,,,,,,,,,,
1403808e-3733-4107-bb1b-9ec444a34484,Flowery exterior with outdoor seating,,,,,,,,,,,,,,,,,,,
143ea7fa-72e7-47a9-b034-8f95a5465e62,Sun quiz. Outdoor seating,,,,,,,,,,,,,,,,,,,
144c41db-e6f0-4b3f-b6d1-5b6b5b2e5fcb,Thur 7.30pm quiz,,,,,,,,,,,,,,,,,,,
1496934f-16e7-4848-b686-504957119989,Thur-Sat music,,,,,,,,,,,,,,,,,,,
14ca1c76-ccbf-48b7-aa3f-d0276cb0e0dd,Japanese gyoza,,,,,,,,,,,,,,,,,,,
1524dcfa-ec35-4518-8373-45b6a1d702c8,Daily live music,,,,,,,,,,,,,,,,,,,
152d53a2-07ed-4b5b-8cc4-ef9ab45c57e3,Traditional pub,,,,,,,,,,,,,,,,,,,
15ea92fa-f9d6-43b6-b2aa-3d58139d18fe,Closed Sun,,,,,,,,,,,,,,,,,,,
1605a183-1c79-44a6-905a-aab6d109bfbf,Comedy and live music events. Mon-Tue closed,,,,,,,,,,,,,,,,,,,
162dd12d-330c-429f-a3e1-12661ebfb5c7,Wed 8.30pm quiz,,,,,,,,,,,,,,,,,,,
169e21f6-c32f-4ad6-862c-db0712ee1fb0,Weatherspoons,,,,,,,,,,,,,,,,,,,
16f76f29-ae95-49a7-8591-27ab87dd1bf4,Cricket themed sports bar,,,,,,,,,,,,,,,,,,,
17168dd2-1b21-4175-a60f-ae9324c45d2c, ,,,,,,,,,,,,,,,,,,,
179ffa7c-b7dc-466d-a498-b181fdb219c9,Traditional pub,,,,,,,,,,,,,,,,,,,
17ee2a1c-5789-46fb-86a6-6e248f4beba9,Bar billiards,,,,,,,,,,,,,,,,,,,
180f2d7c-ac08-4db1-88a7-ffb8f4d0029d,Hotel bar,,,,,,,,,,,,,,,,,,,
182940a3-51d2-4bf5-aa13-e4d5e3770660,Wine shop & bar,,,,,,,,,,,,,,,,,,,
19058774-95fa-44a4-9dc3-ba8c1bf54c5e,Speakeasy hotel cocktail bar,,,,,,,,,,,,,,,,,,,
1add98b7-8cca-4c6e-9a8a-a35e3b4e41ec,Mon 8.30pm quiz,,,,,,,,,,,,,,,,,,,
1b258b22-a853-4d64-947e-5ef4ade978be,0,,,,,,,,,,,,,,,,,,,
1b463e1c-9190-4275-a39c-d694eb42d636,Closed Sunday,,,,,,,,,,,,,,,,,,,
1b4ccd05-d381-4acd-9a01-5001e177af45,Outdoor seating,,,,,,,,,,,,,,,,,,,
1ba25292-f62c-49c1-8d27-f6f237d469a0,Classic pub with outdoor seating,,,,,,,,,,,,,,,,,,,
1c199a57-3098-4df8-bdac-264d8eab6968,Tuesday night quiz,,,,,,,,,,,,,,,,,,,
1c7e7828-93b6-44b9-86da-4b955c71b29f,Outdoor seating,,,,,,,,,,,,,,,,,,,
1c824df1-d850-435e-8e86-275108d5c40f,TBC,,,,,,,,,,,,,,,,,,,
1d738594-fab9-441a-ae75-2283218418d7,Regular live music,,,,,,,,,,,,,,,,,,,
1d7a8905-b34f-4fc2-8eed-ade8cc3a0a8d,False,,,,,,,,,,,,,,,,,,,
1d87e7f7-723f-46eb-b9b2-cb5b25a489c0,Cask ales,,,,,,,,,,,,,,,,,,,
1f0559e7-d494-4404-8d53-e093ba2091b6,Fantastic decor. Sun live music. Closed Mon,,,,,,,,,,,,,,,,,,,
1fe108f3-ae4e-4182-b744-b04fe60c2e5c,Chilled bar,,,,,,,,,,,,,,,,,,,
20206090-61e3-4258-9023-955f54ed7ebc,Traditional pub,,,,,,,,,,,,,,,,,,,
20a2785f-94a0-474f-ac6b-284bd9366bf7,Wed 7.30pm quiz. Thurs bingo. Outdoor seating,,,,,,,,,,,,,,,,,,,
2126582f-d4b3-44d2-afe2-5bed8420088a, ,,,,,,,,,,,,,,,,,,,
2187101a-c4ba-4e73-abba-01f094808673,0,,,,,,,,,,,,,,,,,,,
21ba3669-2407-4fa3-928f-3ab6943c4917,Weatherspoons,,,,,,,,,,,,,,,,,,,
22003f66-9161-4304-b2d2-6b3dc719b353,Small pub with dining,,,,,,,,,,,,,,,,,,,
225ccf9c-41d4-4a1d-8316-a50397a1776f,Classic pub with outdoor seating,,,,,,,,,,,,,,,,,,,
22646d9c-ddb7-4170-86d6-d54993e70a20,Riverside bar. River dining cruises. Mon closed,,,,,,,,,,,,,,,,,,,
22a054c1-2fa8-43e4-8e8b-d871ef06775e,Riverside pub,,,,,,,,,,,,,,,,,,,
23a49eca-7ba3-4e8e-acc1-24a6ef5bb145,Wed 7.30pm quiz,,,,,,,,,,,,,,,,,,,
24011888-8956-4721-bd31-16e25befa503,Various events,,,,,,,,,,,,,,,,,,,
24f5f284-5c7b-41cf-bcec-56e7db601464,Wed quiz night,,,,,,,,,,,,,,,,,,,
24f986b5-187e-42fc-b67e-0727cdea5e21,Football themed pub,,,,,,,,,,,,,,,,,,,
25226e95-c677-4537-9acb-11e2f96b1647,Wine bar,,,,,,,,,,,,,,,,,,,
25778f10-deeb-4cbb-a724-52493a571301,Tue quiz,,,,,,,,,,,,,,,,,,,
25f791cc-a5a6-4cac-8b69-586702af957d,Outside tables,,,,,,,,,,,,,,,,,,,
262f94d5-8c95-4f3c-b275-61d230450b40,Football pub,,,,,,,,,,,,,,,,,,,
2683aaaf-fd32-4b1d-8446-34b85213b0ed,Classic pub,,,,,,,,,,,,,,,,,,,
2690523e-72c8-42b2-be66-91a61c5ecdb8,Great decor. Thur cocktails masterclass. Fri/Sat DJs. ,,,,,,,,,,,,,,,,,,,
2697bc03-5d16-4a51-a27f-66ff6a87b344,Distillery tours,,,,,,,,,,,,,,,,,,,
273730d6-1943-4988-a03c-636b744e477e,Taproom with pizza. Closed Mon,,,,,,,,,,,,,,,,,,,
277afc92-7eba-4f26-8850-b608c10238ac,TBC,,,,,,,,,,,,,,,,,,,
284bc813-b322-4dfc-9476-0a96d7bf5b53,Traditional pub,,,,,,,,,,,,,,,,,,,
29811e34-265f-48ce-b2a2-7b2cb3597648,Weatherspoons,,,,,,,,,,,,,,,,,,,
29c740d3-384a-4a66-9588-1b96e84a7a9d,False,,,,,,,,,,,,,,,,,,,
2adfb24e-f964-4a76-8c4f-799f7c704096,Sun open mic. Outdoor seating,,,,,,,,,,,,,,,,,,,
2b58e4be-e0f8-492d-9637-6faa0ca4f6fc,Traditional pub,,,,,,,,,,,,,,,,,,,
2b918e0e-447b-4939-97ae-023c542b46d2,Table tennis,,,,,,,,,,,,,,,,,,,
2b99f168-e63b-445e-a7dc-7f8bf76da331,Sun 7pm quiz with adjoined theatre,,,,,,,,,,,,,,,,,,,
2be39d69-a818-4c2d-9b58-bec09e585032,Traditional pub,,,,,,,,,,,,,,,,,,,
2c42f683-4123-446b-8d5e-53abbe613dcf,Wine bar,,,,,,,,,,,,,,,,,,,
2c9b2177-cd36-4de3-9604-52e27b68e587,Outdoor seating,,,,,,,,,,,,,,,,,,,
2cd9035f-af04-41dd-b63c-f47b75c90a8f,Wed 7.30pm quiz,,,,,,,,,,,,,,,,,,,
2dbf12b8-120a-46fd-ab1a-d1bb0a6ea778,various events,,,,,,,7.30pm quiz,,,,,,,,,,7.30pm sunday,,
2dc38644-2fce-446f-a813-a2ba3e18eedf,Duckpin alley,,,,,,,,,,,,,,,,,,,
2e0207c5-32bf-4556-a37e-955b214d8757,Conservatory dining,,,,,,,,,,,,,,,,,,,
2e161f42-7d5a-4ff5-80c9-daa6f53f61c8,Traditional pub,,,,,,,,,,,,,,,,,,,
2e367eb2-c546-4db2-b71c-c3446b63889f,Traditional pub,,,,,,,,,,,,,,,,,,,
2ee54ca1-e1cf-4d1f-bc86-89c2136cbeae,Tue 8pm quiz,,,,,,,,,,,,,,,,,,,
2ee6f921-269c-4977-a1d9-f59d1efb3871,Indoor cricket nets with outdoor seating,,,,,,,,,,,,,,,,,,,
2f149ce3-29c5-4f29-b3cc-de9f72f917b3,Irish pub,,,,,,,,,,,,,,,,,,,
2fe38cf3-b1e4-4dcf-9c57-dfd3b99604b2,TBC,,,,,,,,,,,,,,,,,,,
30076bbc-f118-4716-a74c-156b7ec256a5,Mon quiz. Wed-Sun live music and DJs,,,,,,,,,,,,,,,,,,,
3058f233-ea9e-4eb7-98cb-68dda69d344d,1st Tue quiz,,,,,,,,,,,,,,,,,,,
30f4c88f-c2da-49ec-9671-a7e2c7cfda2e,Outdoor seating,,,,,,,,,,,,,,,,,,,
31578bef-e1d2-4852-a548-beda55ab792c,Mon 7.30pm quiz. Tue board games. Wed 7pm live folk music,,,,,,,,,,,,,,,,,,,
31661734-bb83-4bf4-8c68-0b7afd4f8d48,Thur 7.30pm quiz with occasionally live music,,,,,,,,,,,,,,,,,,,
31de6bf0-9819-4cad-81fc-6d787312acc3,Classic pub,,,,,,,,,,,,,,,,,,,
3227e6fa-c80b-44d7-abb9-2b8c5d9dc817,Tuesday 7.30pm quiz,,,,,,,,,,,,,,,,,,,
32930f07-b607-4816-a44e-56538f01ca60,TBC,,,,,,,,,,,,,,,,,,,
32a17618-9e23-450c-b921-a6bab0dfdd6f,Restaurant,,,,,,,,,,,,,,,,,,,
32db5c41-cb6f-4836-8db1-aa6824536274,Special garden,,,,,,,,,,,,,,,,,,,
33a2aa89-d62a-4962-9655-e21e1ddb2348,Taproom with outdoor seating,,,,,,,,,,,,,,,,,,,
33e2d423-03c7-4afa-af3f-8cc716675346,Off license,,,,,,,,,,,,,,,,,,,
33ed0695-3eaa-46b5-9edf-29531eb2952d,Heavy metal and goth bands,,,,,,,,,,,,,,,,,,,
34309755-2f23-4ca1-9364-121e9c9c13cb,Sun 7pm quiz and atrium dining,,,,,,,,,,,,,,,,,,,
345fea34-709f-4da4-b05b-531340ceca92,TBC,,,,,,,,,,,,,,,,,,,
348549ff-4830-4c4f-906f-90a84e1cfb96,Weatherspoons,,,,,,,,,,,,,,,,,,,
34884411-b1fd-4746-9d3d-790d803464ed,Traditional pub,,,,,,,,,,,,,,,,,,,
34cf8a86-8ad8-4a9a-b8ca-0569b43de2db,Outdoor seating,,,,,,,,,,,,,,,,,,,
350d77be-b4c5-4984-ab2f-6d2de41415e0,,7.30pm quiz,,,,,,,,,,,,,,,,7.30pm monday,,
35562c4e-3c2f-4a4f-add6-e8c7f407bcf9,Riverside bar,,,,,,,,,,,,,,,,,,,
35ce64f3-76a5-4b65-a8a8-88324cbb95a0,"Tue 8.30pm quiz, Thur/Sat/Sun:live music",,,,,,,,,,,,,,,,,,,
365a5ea5-03c6-4caa-8424-7a33339d0642,Thur jazz,,,,,,,,,,,,,,,,,,,
36f830c1-9a7a-481a-a77e-18c2d9ee15ac,Tue:poker night. Wed:darts comp. Fri:karaoke. Sun:games night. Outdoor seating,,,,,,,,,,,,,,,,,,,
376cd451-32f0-4895-8f0e-ce61fb413b6d,Mon 9pm quiz. Conservatory dining with board games,,,,,,,,,,,,,,,,,,,
37f513bc-6222-467a-a455-525df9d58d30,Dining room,,,,,,,,,,,,,,,,,,,
37fe2046-8028-40ca-bf77-c2e2ef611671,Outdoor seating,,,,,,,,,,,,,,,,,,,
38d44e17-8ce7-4c52-a3fd-fa23fe26a942,Cocktail making classes,,,,,,,,,,,,,,,,,,,
38e32595-06fa-4386-831e-d68ce67c21e2,Gastropub,,,,,,,,,,,,,,,,,,,
390c3f91-bd96-45a4-88da-a47c537cfe89,Traditional pub,,,,,,,,,,,,,,,,,,,
3916362a-8875-4f22-9dbc-fefcd9e08cb5,Cellar wine bar,,,,,,,,,,,,,,,,,,,
3993b00b-0847-4431-9392-ff60a69e1074,1st/3rd Wed 7.30pm quiz,,,,,,,,,,,,,,,,,,,
3994296a-ca1a-4a2d-863b-7e84f25b11eb,TBC,,,,,,,,,,,,,,,,,,,
39b363b6-9622-4c44-b828-fc7fcbe5de54, ,,,,,,,,,,,,,,,,,,,
39be1804-889f-4c3a-8941-a8d050a75d21, ,,,,,,,,,,,,,,,,,,,
3a5c1bf9-6e93-44d8-8b3f-3b25e7e8e155,Traditional pub,,,,,,,,,,,,,,,,,,,
3a8a9c75-157f-42f4-8a59-ea416e933c99,Traditional pub,,,,,,,,,,,,,,,,,,,
3a9f3f92-5149-4e45-a962-97220c43a1cc,Walled garden,,,,,,,,,,,,,,,,,,,
3b05d8a9-6c34-4508-a0ba-a8dec0354501,Sports and social club,,,,,,,,,,,,,,,,,,,
3b57f89c-3f4b-4557-8410-ddaa82637220,Fri/Sat only with live music and DJs,,,,,,,,,,,,,,,,,,,
3b8f956e-0a9a-4a8e-9a30-afb90e73eae8,Traditional pub,,,,,,,,,,,,,,,,,,,
3be7b977-74f7-4aac-ac24-387e4eeafb4f,Irish bar,,,,,,,,,,,,,,,,,,,
3c0e13d2-57f5-4e20-85da-8c49873b9224,various events,,7pm quiz,,,free beer,,dog day,,,,,,,,,,7pm tuesday,,
3c5d3d3d-05d0-415e-8b19-9229f77932b1,Riverside pub. Tue quiz,,,,,,,,,,,,,,,,,,,
3c88a054-9473-4368-b392-af38c73e9797,"Comedy, live music and dance classes",,,,,,,,,,,,,,,,,,,
3caa5c02-ee38-4a1d-9c2b-39bfcae80981,Pub with Thai food,,,,,,,,,,,,,,,,,,,
3cacdc43-983d-4119-986a-1587674c025e,Taproom. Fri-Sun open,,,,,,,,,,,,,,,,,,,
3cd77292-ecb6-4d7f-b29f-d0dd14c27324,Outdoor seating,,,,,,,,,,,,,,,,,,,
3ce5eac8-17c9-4a33-aba1-c10f695660ef,Taproom open Thur-Sun only,,,,,,,,,,,,,,,,,,,
3e36642a-c63f-406b-9e10-b70b4ace2d69,Last Sun live jazz,,,,,,,,,,,,,,,,,,,
3ebbdbe5-032f-4cc3-ad27-424c04fbf30e,Riverside pub with occasional quizzes and fairs,,,,,,,,,,,,,,,,,,,
3ec4f64f-6065-4e19-8b70-031605d30962,Mon quiz. Outdoor seating,,,,,,,,,,,,,,,,,,,
3f6bf04b-f937-4506-95f6-85d35ea6d738,Gin and beer tasting,,,,,,,,,,,,,,,,,,,
3f98aa20-3786-4f61-a7c9-41c3a480f734,Classic pub,,,,,,,,,,,,,,,,,,,
3fae6292-bea4-4022-95ae-3dd2b2554e23,Table tennis. Comedy.,,,,,,,,,,,,,,,,,,,
3fb949ca-cd80-45b2-b7c9-d450ee2f2c6d,Student only bar. Sat/Sun closed,,,,,,,,,,,,,,,,,,,
3ff4b9d3-b10e-4aa3-84f0-1a6aa8359585,Classic pub,,,,,,,,,,,,,,,,,,,
40059dcc-b717-453f-80cf-90aafee63127,Rooftop bar,,,,,,,,,,,,,,,,,,,
40243318-45ae-459f-bc19-1eb43598bdd9,Riverside,,,,,,,,,,,,,,,,,,,
40892d31-0764-4136-b44b-02225148939b,Outdoor seating,,,,,,,,,,,,,,,,,,,
40ec196c-cc92-497f-9a9a-4a7a43304c2b,Arcade games,,,,,,,,,,,,,,,,,,,
4184f086-d263-4cc3-8466-cb19af980b3c,Cocktail bar,,,,,,,,,,,,,,,,,,,
425a6ac5-d811-40b7-9185-7d147553666a,Outdoor seating,,,,,,,,,,,,,,,,,,,
426915da-c971-4b4c-917e-d2eaaf30dce4,Weatherspoons,,,,,,,,,,,,,,,,,,,
43a799f3-03f9-401d-b71e-ece6c27fd2ff,Late night cocktail bar,,,,,,,,,,,,,,,,,,,
43cbab67-43e7-4615-bd45-910886f17d30,Sport showing pub,,,,,,,,,,,,,,,,,,,
43e5dbec-ad39-4c6c-95bd-68967a88d04a,Riverside pub,,,,,,,,,,,,,,,,,,,
445269c4-b88d-4a1a-a51a-38556661f43c,Tue Irish music. Thur 7pm quiz. Sat live music,,,,,,,,,,,,,,,,,,,
44e3ec1e-f40a-445b-9edb-7994fc4d08d1,Daytime only,,,,,,,,,,,,,,,,,,,
44f933f3-3089-4df8-b983-489565b2424b,Wed 7.30pm quiz,,,,,,,,,,,,,,,,,,,
4523a524-b894-4057-8f68-05512da79c5d,Outdoor seating,,,,,,,,,,,,,,,,,,,
45852adf-75c3-4eb0-b99e-e9df1e047206,Weatherspoons,,,,,,,,,,,,,,,,,,,
45897c9f-51e7-43fa-91a0-e7e89e29590e,Sat/Sun live music with accommodation. Closed Mon,,,,,,,,,,,,,,,,,,,
45cb2079-73b3-494c-9438-bf437bd0cd3a,Fondue nights Wed/Thur,,,,,,,,,,,,,,,,,,,
46179aca-6f27-4242-9f71-f1c2b420f94c,Impressive setting for a bar,,,,,,,,,,,,,,,,,,,
479223e8-2444-4c90-af1b-276047066bd7,Wed 7pm quiz,,,,,,,,,,,,,,,,,,,
4838e1e2-675e-4c43-addd-4bcf7cc58b42,Pub right on the heath,,,,,,,,,,,,,,,,,,,
4910bad5-cc2a-488c-a645-fb92c3273982,Steak restaurant,,,,,,,,,,,,,,,,,,,
49bf46f8-088d-44aa-afee-c96875a311a7,Traditional pub,,,,,,,,,,,,,,,,,,,
49e0632f-b944-4e35-a03d-b97b132e9b0f,Shuffleboard,,,,,,,,,,,,,,,,,,,
49e9472f-a4ea-4195-ab5e-191a4fdcf889,Riverside pub,,,,,,,,,,,,,,,,,,,
4a468f6c-eb8a-4588-829b-14405beaef8d, ,,,,,,,,,,,,,,,,,,,
4a6dd34e-d5f4-4b5c-b3fa-a41d99cc2533,TBC,,,,,,,,,,,,,,,,,,,
4a8884c1-3f3e-4ad8-ad30-15d90ed08b3d,Afro-Caribbean,,,,,,,,,,,,,,,,,,,
4b0f5199-a980-4d1b-b0df-15fd21df824c,Petanque court with outdoor seating,,,,,,,,,,,,,,,,,,,
4b35c570-5afd-4f2d-a3f4-5d994a7e76e4,Quirky decor,,,,,,,,,,,,,,,,,,,
4b4763d9-f1d4-4967-b6ff-f60295e0b08a,Modern pub. First Tue life drawing,,,,,,,,,,,,,,,,,,,
4bd18e41-00da-4560-87ec-96fa38e87e7e,TBC,,,,,,,,,,,,,,,,,,,
4c0c6ec9-0e5a-4f30-840e-2a2d3fa0cec7,Mon 8pm quiz and comedy nights,,,,,,,,,,,,,,,,,,,
4d03fd58-b12d-4800-a087-dfbf347e2625,Outdoor seating,,,,,,,,,,,,,,,,,,,
4d2b172a-3f76-4936-af1f-3a9fa3129835,Mon live music and other events,,,,,,,,,,,,,,,,,,,
4d771274-5f0e-4df4-a0dd-728951e700dc,Fri/Sat music or disco karaoke,,,,,,,,,,,,,,,,,,,
4d8254ad-1246-42a6-bfb0-11b7e40e413b,Mon game night and balcony seating,,,,,,,,,,,,,,,,,,,
4db0af7c-e9ca-4475-9d0f-0d7ca82d31e8,Sat/Sun live music,,,,,,,,,,,,,,,,,,,
4e4833e3-c549-4b19-92d5-c11213f6f775,Gastropub,,,,,,,,,,,,,,,,,,,
4e4e3842-c27a-4cbe-ad68-9e502c5dd11d,Karaoke,,,,,,,,,,,,,,,,,,,
4e5ae801-600a-4e23-9afc-77ad69b6258f, ,,,,,,,,,,,,,,,,,,,
4e657bd9-9975-4f07-be10-5f1fe5677501,Fri traditional Irish music,,,,,,,,,,,,,,,,,,,
4efe599e-daf0-4cd5-94b4-740242dba743,Friday entertainment advertised,,,,,,,,,,,,,,,,,,,
4f74f192-299e-4ef7-a3ca-28afb731cba9,Daily shows,,,,,,,,,,,,,,,,,,,
50f4ee06-deac-4049-bbd4-0cd727d4c319,Classic pub with board games,,,,,,,,,,,,,,,,,,,
51549a28-0c34-47ae-8b08-a13cc6820b79,Traditional pub,,,,,,,,,,,,,,,,,,,
515b0be2-21fb-49f6-b1bf-1d37ba802d30,TBC,,,,,,,,,,,,,,,,,,,
51735582-57d4-4609-9d86-1cda1d9e0e9a,Tue: music. Fri:drag bingo. Sat-Mon closed,,,,,,,,,,,,,,,,,,,
5195d970-0ad2-4437-84a1-6cf4c3724f8e, ,,,,,,,,,,,,,,,,,,,
51e49abc-e21e-4865-8a49-304f8babc3de,Traditional pub,,,,,,,,,,,,,,,,,,,
525a8c71-6eb6-422a-870c-2f66d5d65808,Sun 7.30pm quiz,,,,,,,,,,,,,,,,,,,
526bc553-5443-4d0c-a0b5-99ac6117857b, ,,,,,,,,,,,,,,,,,,,
528783f6-5ba8-4207-9de5-ba7bcfa50cae,Riverside,,,,,,,,,,,,,,,,,,,
52af26bd-dc00-4812-8766-f2e791d62a50,Hotel,,,,,,,,,,,,,,,,,,,
53314102-b77d-423c-bd03-6deb04941105,Traditional pub,,,,,,,,,,,,,,,,,,,
537c84a3-b54b-488e-9f55-652409df94b0,Regular quiz nights and live music. Outdoor seating,,,,,,,,,,,,,,,,,,,
540826ee-31c9-4644-bbbd-b3ef0d47b08b,,,8pm quiz,,,,,,,,,,,,,,,8pm tuesday,,
542030c6-7749-45ca-8705-44a741296f1e,Traditional pub,,,,,,,,,,,,,,,,,,,
54de95e5-16b1-48a3-b00b-7f53c85a0745,Sun 7pm quiz,,,,,,,,,,,,,,,,,,,
55160e29-789d-4ec1-ae2c-07ae7dd30194,Late night bar,,,,,,,,,,,,,,,,,,,
554bc650-de83-4db6-ad33-e74e8950d1e4,Rooftop bar. Mon board games,,,,,,,,,,,,,,,,,,,
556a9b24-a44a-4136-8f14-2b963e276d15,TBC,,,,,,,,,,,,,,,,,,,
5587d72c-15c0-4308-8f8b-9afe523627fb,Riverside pub. Tue 7pm quiz,,,,,,,,,,,,,,,,,,,
55bdb9b5-9d23-491b-98dd-8525839f225d,Weatherspoons,,,,,,,,,,,,,,,,,,,
55cfb269-6585-4ae1-bd89-8ef6cae6ea79,Tue 8pm quiz. Thur comedy. Sun live music.,,,,,,,,,,,,,,,,,,,
55f393ed-9aa5-4bb1-96b1-1b940022e694,,,,7.30pm quiz,,live music,live music,8pm quiz,,,live music on friday and saturday,,,,,,,7.30pm wednesday & 8pm sunday,,
56175398-3dfa-42ab-89b3-782e4fa9faa5,TBC,,,,,,,,,,,,,,,,,,,
565e8b02-df6d-45f9-8e9c-8a37dcebedd8,Riverside pub,,,,,,,,,,,,,,,,,,,
569209fe-7b87-4d11-8d24-3525d6b8e560,Mon/Tue closed,,,,,,,,,,,,,,,,,,,
56d385be-abf8-4bf1-9afd-8c57441333c7,Lve music next to the park,,,,,,,,,,,,,,,,,,,
5778512f-1a16-4a77-bd7e-ac430fedf578,Tue live music and open mic,,,,,,,,,,,,,,,,,,,
57da201e-7e6e-4fe2-b63c-3f43e3b4a66f,Pub,,,,,,,,,,,,,,,,,,,
57fbcd08-b7c0-4279-b268-7600aa09cc98,Weekday only with outdoor seating,,,,,,,,,,,,,,,,,,,
5848c75a-8328-4eda-8531-e66690b66a30,Outdoor seating,,,,,,,,,,,,,,,,,,,
5872f0ee-2ff1-41b5-bacd-7779d34bbb7c,Traditional pub,,,,,,,,,,,,,,,,,,,
58d0c171-def5-4abf-8ae8-8d6b8dbea0de,Tue 8pm quiz,,,,,,,,,,,,,,,,,,,
591155df-2fa3-45a7-844b-4272d229baa3,TBC,,,,,,,,,,,,,,,,,,,
5940cff1-e2c4-40c8-9653-d01417856d82,Late night cocktail bar,,,,,,,,,,,,,,,,,,,
5950c892-4752-45e5-b553-a61967bac1ab,Riverside bar,,,,,,,,,,,,,,,,,,,
596663de-c258-469b-a183-99d517ea29af,Weatherspoons,,,,,,,,,,,,,,,,,,,
59789e1f-5ea2-4b87-901f-fbf69bd59701,Live music Sundays 4.30pm,,,,,,,,,,,,,,,,,,,
5979a4f9-53f0-4398-b73f-3c6d2ace96e4,Traditional pub,,,,,,,,,,,,,,,,,,,
59b1023e-1eb6-453e-8036-668749bbf31a,Wed 7.30pm quiz at pub with hostel accommodation,,,,,,,,,,,,,,,,,,,
5a3094e9-5f78-4caa-bc21-23cefc0d0afe,Mon/Wed 6pm karaoke. Pub with accomodation,,,,,,,,,,,,,,,,,,,
5a5374a7-d466-45ef-86bc-efe0458af6ea,Sat-Tue live music,,,,,,,,,,,,,,,,,,,
5a95a497-6a8a-4c1c-99bc-92d74e20921f,Traditional pub at the O2,,,,,,,,,,,,,,,,,,,
5b4b2fef-e480-4c23-aed5-4f5f180e50e1,Basic pub,,,,,,,,,,,,,,,,,,,
5b901c7f-6de6-4051-897b-d2366f5d92a6,Theatre pub. Mon 7.30pm quiz,,,,,,,,,,,,,,,,,,,
5bed5842-4c53-4d3e-9d25-470516b5436c,Tue 8pm quiz,,,,,,,,,,,,,,,,,,,
5bfcd9d2-d3b3-4a4e-8854-f47050e0049d,Modern bar,,,,,,,,,,,,,,,,,,,
5c79ee71-6991-4aee-8e50-904de5486a4b,Riverside pub with Mon 8pm quiz,,,,,,,,,,,,,,,,,,,
5c966e30-cbd2-43c7-828d-7b4540dac274,Private members club,,,,,,,,,,,,,,,,,,,
5cffa610-605f-4308-a3af-4026fb1b6898,Outdoor seating,,,,,,,,,,,,,,,,,,,
5d96f568-3e37-48b6-8260-670cb82e6eb2,Classic pub,,,,,,,,,,,,,,,,,,,
5e4874a1-4ac4-426d-92da-51c761d527cb,Various events,,,,,,,,,,,,,,,,,,,
5e4d6137-ef10-4c8b-ae38-aeceaa89dc59,Outdoor seating,,,,,,,,,,,,,,,,,,,
5e6c0404-de66-4167-8f0c-63779e77f5e6,Occasional quiz night,,,,,,,,,,,,,,,,,,,
5e775625-fe5c-49b8-9648-d9f7929eb241,Sun 7pm quiz,,,,,,,,,,,,,,,,,,,
5ecb233a-4a34-4013-ba6b-be9131cf4587, ,,,,,,,,,,,,,,,,,,,
5f107b8f-94d2-4c95-b3e6-3a4bcc5183a9,Mon-Sat: comedy,,,,,,,,,,,,,,,,,,,
5f2a04c4-4825-44b1-a0f6-fdd99fed8df2,Traditional pub,,,,,,,,,,,,,,,,,,,
5f52213e-c6e9-4aac-a691-17c4c582d321,Modern bar,,,,,,,,,,,,,,,,,,,
5f811181-8213-427d-ae8a-8da9bc3beb48,0,,,,,,,,,,,,,,,,,,,
6107c63a-ce8e-45b0-85ce-638924bd5644,Quirky beer garden,,,,,,,,,,,,,,,,,,,
610d6a7a-b922-4a4a-9302-6cdd869ce4f5,Regular live music events,,,,,,,,,,,,,,,,,,,
612c6de0-6dff-47d5-9956-69173db4e230,Outdoor seating,,,,,,,,,,,,,,,,,,,
614ce062-e09d-460a-914c-052afb1ac6c7,Hotel bar,,,,,,,,,,,,,,,,,,,
627185f0-212d-43d6-ad3c-8d0f1a5e6108,Wed 8pm quiz. Fri 9pm music. Games room,,,,,,,,,,,,,,,,,,,
6275c23f-0325-4e4b-a505-c0ac90bdf364,Theatre events,,,,,,,,,,,,,,,,,,,
62d2a587-2e8c-41e0-8e7d-90737363d45e,Mon 7.45pm quiz. Outdoor seating,,,,,,,,,,,,,,,,,,,
62d723d6-d338-406e-a1fa-cca2747ba338,Shisha bar,,,,,,,,,,,,,,,,,,,
6324ea6d-4ca5-40e2-abc7-009cbf4f1a9e, ,,,,,,,,,,,,,,,,,,,
6338abc5-9a97-40c8-9e13-b7de1a2c5852,Wed 8pm quiz,,,,,,,,,,,,,,,,,,,
637a0365-d079-44f4-aa73-b7c38098d64a,Fri live music,,,,,,,,,,,,,,,,,,,
63db9012-b8c4-42e1-8d9b-20a6784a5bcc,Cookery classes,,,,,,,,,,,,,,,,,,,
63ed555a-f7ec-4101-bf30-8d2463abb1dd,Riverside pub,,,,,,,,,,,,,,,,,,,
643295da-0a57-457d-a6b5-84b4248020cd,Bar with pizza. Cocktail masterclass,,,,,,,,,,,,,,,,,,,
64665ab3-1572-4051-826b-20503fcaa085,Terrace with retractable roof,,,,,,,,,,,,,,,,,,,
649863b1-2207-4d30-b4ac-c4b6ed484d62,Classic pub,,,,,,,,,,,,,,,,,,,
64a3a706-c4b2-4a1c-81fe-278ddc1fb014,Riverside bar with frequent live music and events,,,,,,,,,,,,,,,,,,,
662486bd-2954-486f-8cb3-d23dce0357ab,Traditional pub,,,,,,,,,,,,,,,,,,,
665a7faf-e518-4918-bdce-acb10e79dcf0,Interesting decor. Live music and comedy shows. Outdoor seating,,,,,,,,,,,,,,,,,,,
666a1b60-9c50-4f86-b3c6-bcba1d6bf7ff,Posh pub,,,,,,,,,,,,,,,,,,,
66734d9a-3068-45b3-bf5a-b81cc4fc86fd,Live music and DJs,,,,,,,,,,,,,,,,,,,
66c1f5c4-262a-458e-9a81-c5105091da24,False,,,,,,,,,,,,,,,,,,,
66cd6c07-45d5-4a4a-b7fe-a171f5c6f3d1,Amazing decor but closed Mon,,,,,,,,,,,,,,,,,,,
6837ba08-86b6-425e-9056-45c7ae80b59c,Outdoor seating,,,,,,,,,,,,,,,,,,,
6965daa1-882e-4361-8965-276a02cdd614,Pint sized pub with Mon quiz,,,,,,,,,,,,,,,,,,,
699c86a7-cbbe-46e8-812f-57e9ea7822ee,Private members club,,,,,,,,,,,,,,,,,,,
6a3869ac-c7b9-4b0e-8f34-a8ea858a452c,Traditional pub,,,,,,,,,,,,,,,,,,,
6a7cf78e-1877-47ec-87bf-a4e84423c763,Pub with Indian dining,,,,,,,,,,,,,,,,,,,
6ac5780f-598c-48e6-9684-b2504c81312f,Cocktail masterclass,,,,,,,,,,,,,,,,,,,
6b057b63-eb50-45f9-92cf-e8be7e1a1933,Classic pub,,,,,,,,,,,,,,,,,,,
6b75d781-b8c3-490d-b586-116dd69cad7c,Mon 8pm quiz. Wed-Sat live music,,,,,,,,,,,,,,,,,,,
6be8ff21-edc3-4956-a1d7-cc2f1fa14be1,Outdoor seating,,,,,,,,,,,,,,,,,,,
6ce3e404-091d-4e74-82cc-4649ed2c567e,Bar with ball pits,,,,,,,,,,,,,,,,,,,
6d6a1450-94bb-43fe-9ba1-d517bc6f8f3e,Great decor. Closed Sunday,,,,,,,,,,,,,,,,,,,
6d740ea5-b888-4fb3-b25f-6cb36ea57a01,Traditional pub,,,,,,,,,,,,,,,,,,,
6d9c8d4e-fa1d-433d-aea4-ff3f5c36cb64,Women made wine shop,,,,,,,,,,,,,,,,,,,
6ddca2bf-663f-49bd-8a02-b21e9b7d192c,Fri live music. Pub with dining. Closes at 9.30pm,,,,,,,,,,,,,,,,,,,
6f052687-67ef-4ad9-8c6d-fe45670e166f,Fri live music,,,,,,,,,,,,,,,,,,,
6fe92b26-ef10-4919-bcff-4e47c5cf763c,"Odd quiz, poker and live music events.",,,,,,,,,,,,,,,,,,,
7027ed4a-f38c-4d5f-9049-468f2bb12324,Classic pub,,,,,,,,,,,,,,,,,,,
70347840-2dff-4d32-a47f-8fb63742607a,Weatherspoons,,,,,,,,,,,,,,,,,,,
70382534-b8b7-4272-8471-32f7d6300b15,Fri/Sat live music with other events,,,,,,,,,,,,,,,,,,,
70584e25-7556-4d3d-9c74-331460dde1e8,Outdoor seating,,,,,,,,,,,,,,,,,,,
7092252a-1dbb-435b-a339-aff889c58267,Order in pizza,,,,,,,,,,,,,,,,,,,
70f8f3dd-6351-4c10-98a3-e32e2d28c1f6,Occasional live music. Closed Sun-Tue,,,,,,,,,,,,,,,,,,,
7125c473-2206-4d03-a5ea-920308ad3e68,Shisha pipes with various events,,,,,,,,,,,,,,,,,,,
72debb8c-1ea0-453a-a93e-e127a262ea06,Wed 7pm quiz and cocktail/gin masterclasses,,,,,,,,,,,,,,,,,,,
72f45121-bf7c-4972-b941-7ccdaa076356,Fairground games,,,,,,,,,,,,,,,,,,,
735704b6-f5af-4d0c-a9d3-b670fe3c7f1a,Wed 7.30pm quiz,,,,,,,,,,,,,,,,,,,
7370b248-0ad7-4010-979f-a740c898f0c6,No dogs allowed,,,,,,,,,,,,,,,,,,,
7394702a-c9d9-4e58-9a9c-7d2d5f06c083,Occasional karaoke,,,,,,,,,,,,,,,,,,,
7397e397-0fb2-4dc9-a13e-0e009a3c758a,Weatherspoons with riverside outdoor seating,,,,,,,,,,,,,,,,,,,
740a2044-a117-4a58-96a4-6861ab0fc8aa,"No dogs or children. Wed/Thur, Sat/Sun live music",,,,,,,,,,,,,,,,,,,
74545130-94c7-4049-92bd-86ffd7cab6cb,Mon quiz with outdoor seating,,,,,,,,,,,,,,,,,,,
745707c2-e7a4-4b33-9f7a-f6dfc2d6a221,Wed:jazz. Sun:live music,,,,,,,,,,,,,,,,,,,
74b09557-7f64-4357-b20b-70869e7bb253,Occasional entertainment and music,,,,,,,,,,,,,,,,,,,
74bdbecd-70a9-4a81-88e3-dc98da654833,Traditional food with dining,,,,,,,,,,,,,,,,,,,
750ef292-6c3d-4163-a41a-afa50ff3bc3c,Classic pub,,,,,,,,,,,,,,,,,,,
7515fd4f-80d9-4d0f-80d9-6dce3911972b,Traditional pub,,,,,,,,,,,,,,,,,,,
753df00b-babe-4873-a8f2-8f4cd8e02749,Thu-Sat: music,,,,,,,,,,,,,,,,,,,
754227fd-d267-4750-a6f8-59914f8d95fd,Canal side bar and restaurant,,,,,,,,,,,,,,,,,,,
75965700-9d04-4f07-a637-abfdbb49266b,Indoor cricket nets and outdoor seating. Mon closed,,,,,,,,,,,,,,,,,,,
75ff695e-964e-4d8a-bdb5-fbc0a6c5e540,Masterclasses at unique decor with outdoor seating,,,,,,,,,,,,,,,,,,,
76282d16-e2c6-40c8-96d1-92b81da07619,Thursday comedy. Sun jazz,,,,,,,,,,,,,,,,,,,
762dc859-113e-4bf3-8c2c-4b5993c6752a,Pub with fine dining and outdoor seating,,,,,,,,,,,,,,,,,,,
7685a7db-c6df-4182-a3c1-c86e94bb099b,Pub with fine dining with some quiz and other events,,,,,,,,,,,,,,,,,,,
76fc0c90-f865-4cfe-bebe-21fa53717704,Fri/Sat only,,,,,,,,,,,,,,,,,,,
77b9faed-deb3-45be-b880-9d6ca3727a53,Riverside pub with Tue 7.30pm quiz,,,,,,,,,,,,,,,,,,,
77e33190-8e85-464c-8b0a-c0e4412ca130,Late night cocktail bar,,,,,,,,,,,,,,,,,,,
780320eb-cec1-4f3c-a538-c357426b7aa3,Outdoor seating,,,,,,,,,,,,,,,,,,,
781b0d4c-788a-4bcb-8cec-c4384c566b57,Mon 8pm quiz. Sat/Sun live music,,,,,,,,,,,,,,,,,,,
78295944-cac8-4b2c-b9cb-0a439fef22b2,Mon 7pm comedy. Tue quiz. Fri live music,,,,,,,,,,,,,,,,,,,
7845221c-b025-44fd-a07c-894ef7c42cf2,"LGBTQ+ venue, Karaoke, Weekend drag cabaret",,,,,,,,,,,,,,,,,,,
78684f18-9f18-40ec-8737-2c89671fd73a,Closed Sun,,,,,,,,,,,,,,,,,,,
78a786cb-976f-421b-8fc5-101cd371de99,Shuffleboard,,,,,,,,,,,,,,,,,,,
78b09dc3-44c8-4c17-976b-239bc2a6225f,Outdoor seating,,,,,,,,,,,,,,,,,,,
79221a90-d83b-4f07-b756-a493b4801e40,Green outside,,,,,,,,,,,,,,,,,,,
7a07787b-e8a8-45ac-9b8b-700328ccd167,Traditional pub,,,,,,,,,,,,,,,,,,,
7a26311d-8b44-4e46-8394-648dd973f574,Wine bar,,,,,,,,,,,,,,,,,,,
7a2f2062-ba1c-4d26-94db-a019a562211d,Various events,,,,,,,,,,,,,,,,,,,
7a6c2b0c-ae9c-4812-a776-cbadb8750566,Famous Christmas decorations,,,,,,,,,,,,,,,,,,,
7ac26e9b-a9c7-44db-ad5c-3a08f45f50ca,Tue 7pm quiz. Roasts in winter.,,,,,,,,,,,,,,,,,,,
7b15a256-3742-43ad-94d9-b41f98266050,Traditional pub,,,,,,,,,,,,,,,,,,,
7b3bfade-28f1-4919-84c3-446c6da70ba6,Mon/Wed: live piano,,,,,,,,,,,,,,,,,,,
7b9c9688-ba56-4cd6-a084-2b90bc07ced4,Hotel bar,,,,,,,,,,,,,,,,,,,
7bd3195f-3656-449e-9e63-38076f59a001,Thur 8pm quiz. Outdoor seating,,,,,,,,,,,,,,,,,,,
7c6bd4e7-a572-45ad-a969-64e0fb4cbb5a,TBC,,,,,,,,,,,,,,,,,,,
7de6ece6-65fa-4d47-a0af-851f3179dc87,Outdoor seating,,,,,,,,,,,,,,,,,,,
7e16cbd6-a99a-47cf-80be-c703c8124708,Cocktail making classes,,,,,,,,,,,,,,,,,,,
7e4125a6-b943-4bc7-a8dd-dc3a3127c2b6,Live music,,,,,,,,,,,,,,,,,,,
7eb2bc28-8b0c-4409-be4a-13cd97394d9b,Table football,,,,,,,,,,,,,,,,,,,
7ed3290f-bf8c-4f62-af6e-0e17a7cfa872,0,,,,,,,,,,,,,,,,,,,
7edc3e66-7f68-4a09-a085-5bf2b778831c,Tuesday 7pm quiz. Sat/Sun dinner DJs,,,,,,,,,,,,,,,,,,,
7fee2378-ec80-4632-8309-b6dd60094fd8,Mon-Wed: comedy,,,,,,,,,,,,,,,,,,,
80639f64-eda8-42d2-9710-8b3778d23b1c,Speak easy changing bar,,,,,,,,,,,,,,,,,,,
80aeb850-5686-44ac-8e1b-424ef9cea747,Regular live music,,,,,,,,,,,,,,,,,,,
818ffc93-d7ef-4eaa-bfac-81af7b1fb6f4,Dining area,,,,,,,,,,,,,,,,,,,
81a0832a-6b8b-450e-b8ff-0802b702c973,Outdoor seating,,,,,,,,,,,,,,,,,,,
8256f638-00af-4f90-9fdb-aeebbf7986da,Gay bar. Mon-Wed closed,,,,,,,,,,,,,,,,,,,
82cb7b2e-bb83-4c43-951a-e977677112e7,Spacious and airy pub and garden,,,,,,,,,,,,,,,,,,,
83573cce-0fe4-4200-8119-aa22f0657622,Daily live music,,,,,,,,,,,,,,,,,,,
83aeeb5f-1bfd-4372-b4bf-4d43b87c9601,Digital darts. Sat DJs. Wed/Sun 7.30/6pm quiz,,,,,,,,,,,,,,,,,,,
842fc4ff-b773-4eb6-b179-0452a7ccce01,Cricket themed pub,,,,,,,,,,,,,,,,,,,
85734c01-6261-4784-b024-637b12b8d4f4,Classic pub,,,,,,,,,,,,,,,,,,,
859eb4d9-ba6e-43d6-b14b-275cf2a0b5ad,Taproom with live music but closed Mon,,,,,,,,,,,,,,,,,,,
85c71873-b209-4b30-a592-5054413b6d84,Taproom Wed-Sat only,,,,,,,,,,,,,,,,,,,
85f36fdf-63f5-4b98-ad76-21b2ba5ef8dd,Fri DJs. Sat live music. Sun 7.30pm quiz,,,,,,,,,,,,,,,,,,,
861aa935-2abd-4e2f-8ae9-a66b046e75c9,Unique garden,,,,,,,,,,,,,,,,,,,
863b8b33-da71-4a22-a68f-4a676e39cfbe,Jazz 8pm Sun. 1st Thur quiz. Fri/Sat disco. Board games,,,,,,,,,,,,,,,,,,,
8667fb3f-bfb6-4985-b33a-dbb9a5137a47,Garden cabanas with live music,,,,,,,,,,,,,,,,,,,
8668ecb9-4abf-444b-9de0-2e935e2c6966,Classic pub,,,,,,,,,,,,,,,,,,,
866ef4d9-669f-4bab-ade2-1af9da1a0065,Unique decor,,,,,,,,,,,,,,,,,,,
86812052-266b-460c-92ff-f04233f4e8ae,Wed piano man. Thur jazz nights,,,,,,,,,,,,,,,,,,,
868b221f-aea2-4448-b3e9-1c3e44fff92e,Outdoor seating,,,,,,,,,,,,,,,,,,,
86de190a-4e39-4e2c-add6-2ffa05d0f991,Mon 7.30pm music,,,,,,,,,,,,,,,,,,,
86de5080-7da2-4cd1-aac3-d91cf018b910,Classic pub,,,,,,,,,,,,,,,,,,,
87582c9a-a4ff-4f8a-9c1f-1057c51a24ee,Sat wine pairings,,,,,,,,,,,,,,,,,,,
875e7d63-8578-4d2e-bffd-3988b3cd2a74,Regular entertainment,,,,,,,,,,,,,,,,,,,
87953131-c0eb-4469-993e-1ae074e9d99a,Food and drink experience,,,,,,,,,,,,,,,,,,,
882c60eb-2ae9-4c38-915f-92fa3394951e,Mon-Wed closed,,,,,,,,,,,,,,,,,,,
882c968d-b5a1-4877-8e4f-4845ffb59ee7,Beer mile,,,,,,,,,,,,,,,,,,,
88849456-c4ff-4c5a-8ba2-13e503983bcc,Balcony seating but closed Mon,,,,,,,,,,,,,,,,,,,
88b8f8e1-ab4c-4659-8c59-79fb38e29086,Themed cocktail event,,,,,,,,,,,,,,,,,,,
88ee974d-df96-4ffb-ac86-fffc13f1fc7f,Impressive decor in this Weatherspoon ,,,,,,,,,,,,,,,,,,,
88f4d7ea-101e-4faf-93ab-94215455a220,Tiki bar with Thai food. Thur/Sun live music. Classes,,,,,,,,,,,,,,,,,,,
8905f38f-5abe-4ff7-9b22-72ab50645c21,Belgian bar with beer tasting evenings,,,,,,,,,,,,,,,,,,,
894b94e5-4b69-4495-adb6-6d356f2a15ce,Tue 7pm quiz. Outdoor seating,,,,,,,,,,,,,,,,,,,
89509f12-75e8-4b62-8b7a-f709776ddd2c,Classic pub,,,,,,,,,,,,,,,,,,,
8963e59d-8ccb-4992-9834-7904450120e6,"Mon, Thur-Sat live music",,,,,,,,,,,,,,,,,,,
8a9a733c-f36b-49e9-8da7-aeb884293d92,Various events,,,,,,,,,,,,,,,,,,,
8af6ff33-381c-4847-9fb2-cbf949fdb090,Traditional pub,,,,,,,,,,,,,,,,,,,
8bc03630-ea34-4c77-8f1c-cfa15e9a916a,Bi-Tue 8pm quiz,,,,,,,,,,,,,,,,,,,
8cd0994d-4c08-473a-bf11-94b08d3082c6,Floating boat bar with live music,,,,,,,,,,,,,,,,,,,
8d1dc503-5c43-4954-9fb7-7770ad12b729,Modern pub,,,,,,,,,,,,,,,,,,,
8d4e6681-dff8-4b38-955a-44fb6e2431cc,"Thur quiz night. Thur karaoke. Mon, Wed, Sat/Sun live music",,,,,,,,,,,,,,,,,,,
8d85b0e1-fe2f-4aa9-b6cb-6c07e1531653,Irish live music and pizza,,,,,,,,,,,,,,,,,,,
8da7696d-930f-44cc-ba38-783b7ad1c1df,Rooftop bar,,,,,,,,,,,,,,,,,,,
8dacb7e7-7977-4420-9a7d-58eda84741eb,Sports bar,,,,,,,,,,,,,,,,,,,
8de30c31-9684-405e-ac4f-b8a3db376852,Outside seating,,,,,,,,,,,,,,,,,,,
8e99b0f2-e61c-4fd6-9e01-f53da76b5f81,Modern pub,,,,,,,,,,,,,,,,,,,
8f54c7a5-ef71-44e0-9164-d8207652160d,"Tues 7pm quiz, Open mic Wed 6.30pm",,,,,,,,,,,,,,,,,,,
90833296-6041-48c9-9837-fe090ff67fde,Weatherspoons,,,,,,,,,,,,,,,,,,,
915508e0-ea3d-4082-9142-7b178298dded,Outside seating. Thurs pub quiz or karaoke,,,,,,,,,,,,,,,,,,,
915d00c0-49dc-4036-ac5c-92153e281064,Arcade games. Mon karaoke. Tue quiz. Wed comedy. Sun live jazz,,,,,,,,,,,,,,,,,,,
91c14f5b-6666-4230-949d-7502c01c4c96,Craft ale and sourdough pizza,,,,,,,,,,,,,,,,,,,
9231995a-345b-46a6-86e7-37642cf70e97,Mon 7pm quiz. Karaoke and outdoor seating,,,,,,,,,,,,,,,,,,,
92c49a14-f650-4acc-a74f-b6fb96760631,TBC,,,,,,,,,,,,,,,,,,,
9321fedb-a70a-42a3-a59f-1ba4ca6621d6,Bi-weekly Wed quiz. Shuffleboard with outdoor seating,,,,,,,,,,,,,,,,,,,
938453ab-ad1f-4e95-9b52-7ee678665e4d,Wed 9pm quiz. Thur karaoke,,,,,,,,,,,,,,,,,,,
93c74508-cfb4-4b02-ae5d-10bb3cf304f1,Members club,,,,,,,,,,,,,,,,,,,
93ca1ef7-254a-40f8-b767-aab9beefbfc3,Thur: opening mic. Fri-Sun live music,,,,,,,,,,,,,,,,,,,
942ba769-e41f-49e9-9fee-0198fe3391c4,Traditional pub,,,,,,,,,,,,,,,,,,,
9430e071-be89-43fc-8198-1078c99be6a0,City bar,,,,,,,,,,,,,,,,,,,
945c6336-6711-42b2-a240-01b1b9f403c6,Fri: karaoke,,,,,,,,,,,,,,,,,,,
94788b05-bb7f-4428-9b59-93e2d3ce7183,Mon 8pm quiz. Fri music,,,,,,,,,,,,,,,,,,,
94d24fde-0b24-4bec-a05d-3c8ca530db55,,,quiz,,comedy,,,,,,thursday,,,,,,,tuesday,,
955ae281-5169-495d-ac79-8900c326b1a0,Pub with views across common,,,,,,,,,,,,,,,,,,,
958da49d-7a63-4448-9f18-f0845c715278,Outdoor seating,,,,,,,,,,,,,,,,,,,
9599e4f0-ade0-4f0f-9474-79522540b795,Riverside pub. Tue 7.30pm quiz,,,,,,,,,,,,,,,,,,,
95ad4247-ce4d-49ed-bc46-c02cba8f72e4,Electronic darts,,,,,,,,,,,,,,,,,,,
9665dbf0-9144-4a8a-a079-8d2411e5b6e0,Mon board games. Fri/Sat DJs,,,,,,,,,,,,,,,,,,,
96ffc2fb-55cd-4c1b-a52c-707767216645,"Tue: beer pong, Sat/Sun/Mon: Closed, Outside seating",,,,,,,,,,,,,,,,,,,
97035489-ff93-47f1-9703-b0081ae357e9,Closed weekends,,,,,,,,,,,,,,,,,,,
975140ad-4162-4d88-9951-a5d17284eb9a,"Quiz, bingo and music",,,,,,,,,,,,,,,,,,,
97a112a9-31a7-4be6-bae9-0b828715e042,Canal side bar with Wed 7.30pm quiz,,,,,,,,,,,,,,,,,,,
97c261d5-5d57-4287-abfd-d200009c1371,Cocktail bar,,,,,,,,,,,,,,,,,,,
97db9cac-552f-4b75-a212-3f93f8345106,Great decor,,,,,,,,,,,,,,,,,,,
97f2905d-f074-44a7-a26e-011599793af5,Cocktail bar closed Mon/Tue,,,,,,,,,,,,,,,,,,,
984c1545-c22b-490a-93d9-8873b3a08adf,LGBTQ+ friendly venue,,,,,,,,,,,,,,,,,,,
9882b155-3cbe-4a55-81bf-67a9496e6173,Traditional pub,,,,,,,,,,,,,,,,,,,
99158172-b45e-4f12-ba5b-44a99db9a74f,Modern pub closed Mon,,,,,,,,,,,,,,,,,,,
991d5e48-971c-464e-997a-a0772b47a4e5,Weekday only,,,,,,,,,,,,,,,,,,,
99261dfa-fd36-4e85-b640-86efcd35aa8a,Modern pub,,,,,,,,,,,,,,,,,,,
9963cb33-f78e-4f21-a240-9542d9e8fbf8,Traditional pub,,,,,,,,,,,,,,,,,,,
9a0fe706-c6f5-4caf-8916-9455700a81f6,Afro-Caribbean shish bar and restaurant. Wed: bottomless bubbles,,,,,,,,,,,,,,,,,,,
9a32f0a7-3092-4ecc-8701-f72b367ac93c,Traditional pub,,,,,,,,,,,,,,,,,,,
9a568f0a-5ac4-4223-ac0f-aa40b9e80213,Cocktail bar,,,,,,,,,,,,,,,,,,,
9a80a623-9382-462c-babf-009110a1d804,Digital darts,,,,,,,,,,,,,,,,,,,
9b12f0b5-d10c-4d43-8f44-b5601fa510be,Ale pub,,,,,,,,,,,,,,,,,,,
9b132499-96eb-417c-af3d-9f364172ef33,Colourful pub with accommodation. Tue 8.30pm quiz. Fri-Sun live music,,,,,,,,,,,,,,,,,,,
9b2e6647-660e-43d8-9e27-a5f06b0ddb54,Tue board games. Atrium dining and various events,,,,,,,,,,,,,,,,,,,
9b5c6aa8-437d-4ea5-8464-315a27f9d6a8,Unique looking pub,,,,,,,,,,,,,,,,,,,
9b7c0aba-1eb5-4006-887b-d7903b0a566d,Unique facade ,,,,,,,,,,,,,,,,,,,
9b9b6041-bbce-42df-b25f-a012a5a8b635,City bar,,,,,,,,,,,,,,,,,,,
9bb7e86c-ca97-4f53-a349-ebf4a118342f,Tue 8pm quiz. Fri live music,,,,,,,,,,,,,,,,,,,
9c740bf3-dcaa-41e7-8783-c1658f369c19,Unique facade ,,,,,,,,,,,,,,,,,,,
9c8bcfc9-5b8e-40a1-9772-86dcb8eac3da,Traditional pub,,,,,,,,,,,,,,,,,,,
9c93bcb5-03c4-4b75-9138-70659d32544b,Outdoor seating,,,,,,,,,,,,,,,,,,,
9cbd4a94-74c1-4848-a59d-26bf708c61db,Sun 7pm quiz and some live music,,,,,,,,,,,,,,,,,,,
9cc8f7a4-28c9-4e3e-9a03-b2d78ab4f09f,Beer garden with retractable roof,,,,,,,,,,,,,,,,,,,
9cd250f7-f340-4f1b-a8bd-452d2489fdc7,Grand pub with dining,,,,,,,,,,,,,,,,,,,
9cfa8cef-6b6d-4908-8a49-26dc32ae9cc0,Contemporary bar/restaurant,,,,,,,,,,,,,,,,,,,
9d5bc568-a41e-4313-a875-2a65f4ec3ef2,Outdoor seating,,,,,,,,,,,,,,,,,,,
9d834e48-f83d-4419-9899-e4b3b9a3dc69,Games room,,,,,,,,,,,,,,,,,,,
9db877d6-295c-4dd5-a43d-542c3d5be25e,Great decor,,,,,,,,,,,,,,,,,,,
9dca8f6b-f963-4d79-979b-d468162ed14b,Classic pub,,,,,,,,,,,,,,,,,,,
9e6a558a-b9ba-49c4-ab9b-a15419070fde,Sun 7pm quiz,,,,,,,,,,,,,,,,,,,
9e9a798f-92a8-4846-9d34-e04ab3e820d5,Riverside pub with fine dining and occasional quiz nights,,,,,,,,,,,,,,,,,,,
9ec7097c-39ac-42b0-8135-3817ce8b581f,Classic pub,,,,,,,,,,,,,,,,,,,
9ed0b369-18f3-45e5-b53e-028a2747cfa8,Theme dinner evening,,,,,,,,,,,,,,,,,,,
9ef6ec94-22db-42f1-adec-3dbfa75ad592,Karaoke,,,,,,,,,,,,,,,,,,,
9f2df78c-a1c4-4070-88da-8ba2d8bbe87d,Quirky inside,,,,,,,,,,,,,,,,,,,
9f7d5055-61c1-41ab-be5a-3c8740825f72,Traditional pub,,,,,,,,,,,,,,,,,,,
9f9c3c5e-8bc4-4f8a-adc1-1465edc723d1,Mediterranean food,,,,,,,,,,,,,,,,,,,
9fb9e451-6e05-4804-9e9c-a41156ba4d6d,Traditional pub,,,,,,,,,,,,,,,,,,,
a0c4ae53-2f88-4072-93a6-b13da9412fe9,Weatherspoons,,,,,,,,,,,,,,,,,,,
a200a385-ff70-45dc-9adf-9510a1987cca,City bar,,,,,,,,,,,,,,,,,,,
a25aa1c3-6e88-463f-a532-e5c6741cc6e3,Classic pub,,,,,,,,,,,,,,,,,,,
a28b9b6b-b92c-491c-b241-269104e4b20c," Board game tournaments. Regular films, open mic, comedy and drag. ",,,,,,,,,,,,,,,,,,,
a291e7bb-abb2-41c7-abb5-64b370b5c51c,Classic pub with dining and outdoor seating.,,,,,,,,,,,,,,,,,,,
a2e88552-9cc0-48d5-bb3f-e39cc0006313,Modern bar with outdoor seating,,,,,,,,,,,,,,,,,,,
a37b38ba-4deb-4930-beaf-e29d4faa1a8e,Sunday night music,,,,,,,,,,,,,,,,,,,
a39b6beb-b087-40ec-878b-9697d602e4e8,Outdoor seating. Pet wall of fame,,,,,,,,,,,,,,,,,,,
a3a2ec56-acd3-45c6-9340-4dfacf8333cb,Shuffleboard with Sunday live music,,,,,,,,,,,,,,,,,,,
a406bcc7-0efb-4c7d-af97-eb24246d24bf,Classic pub,,,,,,,,,,,,,,,,,,,
a6051ad8-fefb-4d7e-925f-13cdcb16b73b,Behind shop front,,,,,,,,,,,,,,,,,,,
a617848d-fd1a-40c8-b6e3-9f92126c8bd4,Outdoor seating,,,,,,,,,,,,,,,,,,,
a64b8bef-215f-4f25-aeb7-5aefcf828486,Traditional pub,,,,,,,,,,,,,,,,,,,
a6c70aaa-c0c0-4548-9583-7cb454a56cdb,Wed theatre,,,,,,,,,,,,,,,,,,,
a7006cf2-0f00-497c-a8dc-3d6729381820,Racing driving simulation,,,,,,,,,,,,,,,,,,,
a760c277-aa87-4a25-b811-a6476503acf6,"Tues:steak night, Wed:unlimited wings",,,,,,,,,,,,,,,,,,,
a81d00e5-7e30-4a8d-a012-acadc43c01b0,Fri live music. Sat DJs. Occasional comedy. Sun closed,,,,,,,,,,,,,,,,,,,
a8467bfa-1f5e-482c-96d3-0e2206aa81c2,Basement music venue,,,,,,,,,,,,,,,,,,,
a848c17e-a4f9-4d91-953f-e3a0442040d1,Outdoor seating,,,,,,,,,,,,,,,,,,,
a869327b-e950-498e-8e26-2fd0a9bfcf5e,Tues 7.30pm quiz. Huge dining conservatory,,,,,,,,,,,,,,,,,,,
a89a85f1-3fa7-4d38-9d21-19044982d2b1,Outdoor seating,,,,,,,,,,,,,,,,,,,
a89e3f76-afa6-4c4a-96f4-2fbda8ffaa54,Wed 8pm quiz,,,,,,,,,,,,,,,,,,,
a93794d4-f12c-4508-bcec-b79097d8b5de,Classic pub,,,,,,,,,,,,,,,,,,,
a941296b-15b9-4a8f-8396-088d7bbcd1ba,Famous pub with fine dining,,,,,,,,,,,,,,,,,,,
a9f0a007-62eb-47ab-b1bc-b893208a1c06,Wed quiz. Thur comedy,,,,,,,,,,,,,,,,,,,
aacbc803-7d43-40b9-ad14-da1cf55de22f,Traditional pub,,,,,,,,,,,,,,,,,,,
aae5bfb3-9a38-4bbc-beab-32ec07e1fd9e,Outside tables,,,,,,,,,,,,,,,,,,,
ab382c1c-2aab-44fe-9f71-7a0aa26aed92,Jazz everyday,,,,,,,,,,,,,,,,,,,
abf8bc80-06ed-4fbd-95f5-69aaea242fe5,Arcade games,,,,,,,,,,,,,,,,,,,
ad01716e-2623-4e4b-bcfe-ff91b14b2927,Mon/Thur/Sun comedy without outside seating,,,,,,,,,,,,,,,,,,,
ad2bbf86-9982-4180-a815-6e0b075eba1c,Classic pub,,,,,,,,,,,,,,,,,,,
ad5b38ca-7444-4e94-8f17-93dd1826bec2,Virtual reality experience,,,,,,,,,,,,,,,,,,,
ad92a845-98eb-4307-b634-0352e47375bb,Sat live music,,,,,,,,,,,,,,,,,,,
ae3acdb6-5195-4db8-8ac8-0815234d7f33,Fri & Sat music,,,,,,,,,,,,,,,,,,,
ae591583-747e-46be-8bbe-986fb220f09b,Members working mens club,,,,,,,,,,,,,,,,,,,
ae6dfbf2-a16e-40f6-9ff8-6133fa2f49ae,Tue quiz night,,,,,,,,,,,,,,,,,,,
ae73f483-7e7c-44b4-9822-6a370e265de9,Rooftop,,,,,,,,,,,,,,,,,,,
af0953b2-f0f8-4688-88ae-2eab8ee11748,Table tennis,,,,,,,,,,,,,,,,,,,
afd355ac-6e0e-4a67-8e2d-18769b909abb,Riverside pub with Mon 7.30pm quiz,,,,,,,,,,,,,,,,,,,
b04f1ea2-c615-4947-8641-9dabdf439140,Foods pairing courses,,,,,,,,,,,,,,,,,,,
b05dbaeb-9042-4ace-b990-4c50f72a3cfc,Tue 8pm quiz. 2nd Thur drag bingo. Outdoor seating,,,,,,,,,,,,,,,,,,,
b088ce95-c5f2-4afe-a1d4-9245e5690ac6,Arcade games,,,,,,,,,,,,,,,,,,,
b0d3a863-f1fa-4d58-9936-c09995a3c636,TBC,,,,,,,,,,,,,,,,,,,
b20e073f-f317-40d8-9bfc-6b873e64ed9d,Sun closed,,,,,,,,,,,,,,,,,,,
b22a8a03-1b58-4aba-b2c8-1098315cfeda,Outdoor seating,,,,,,,,,,,,,,,,,,,
b29eb1ff-292d-425a-bdca-d017c819f7f8,Sun 8pm quiz,,,,,,,,,,,,,,,,,,,
b2d52630-79bf-457d-98f8-e7bf1de62b39,Traditional pub,,,,,,,,,,,,,,,,,,,
b3535775-8013-4c4e-b5ff-a83d05668a2c,Thur open mic. Sat live music. Sun 7pm quiz,,,,,,,,,,,,,,,,,,,
b38678b1-85a6-418e-8741-4957ee3f7f5c,Mon/Tue closed,,,,,,,,,,,,,,,,,,,
b45e6e65-2243-42a6-870f-e94cc00e0c19,Classic pub,,,,,,,,,,,,,,,,,,,
b47419d0-3ac1-4cce-b89c-d8ff486c24eb,Cocktail bar,,,,,,,,,,,,,,,,,,,
b4bfcf5b-a2f7-4a22-ba3d-6acacb40d59a,Cocktail bar,,,,,,,,,,,,,,,,,,,
b4c949fd-a94d-49e1-997e-659ac70f6081,Outdoor seating,,,,,,,,,,,,,,,,,,,
b5a20b56-13dc-4707-a4b2-f381927d863b,Sun 7pm quiz,,,,,,,,,,,,,,,,,,,
b5a2c34a-55bc-4845-8a76-6e98db66aaf8,City pub,,,,,,,,,,,,,,,,,,,
b6547495-27e9-4562-9b13-89d0be8007c0,No food,,,,,,,,,,,,,,,,,,,
b661c685-8e84-46d3-8c88-4bebf01edacb,Outdoor seating. Wed 7.30pm quiz.,,,,,,,,,,,,,,,,,,,
b6b8e759-b519-43ee-9bdc-bebaa7bef1c8,Some live music and quiz nights,,,,,,,,,,,,,,,,,,,
b7f16ea4-7f50-4d2c-bc48-46cddf0984c0,Quirky bar. Sunday 5pm quiz. Mon-Wed closed.,,,,,,,,,,,,,,,,,,,
b8008c1f-9c21-46e9-9d45-6ea226c5cedb,Brewery tours and Thurs live music,,,,,,,,,,,,,,,,,,,
b84b6793-23f9-422e-bd98-6d4b1de1d6aa,Rooftop bar with adjoining sauna,,,,,,,,,,,,,,,,,,,
b90ca522-14fd-4d2a-96f2-59935e0066cb,TBC,,,,,,,,,,,,,,,,,,,
b912402e-627d-43e8-83ff-b7604706a5c7,Modern bar with pies,,,,,,,,,,,,,,,,,,,
b948ebf2-4ed4-4188-afdd-8d4daf242706,Weatherspoons,,,,,,,,,,,,,,,,,,,
b953b279-995b-4f94-81a5-b201be523aa1,Outdoor seating,,,,,,,,,,,,,,,,,,,
b96faccc-34f7-4499-b3c4-9fc4b208ff34,Thurs piano or jazz,,,,,,,,,,,,,,,,,,,
b97c49e9-c8a8-40f6-b7be-5604e201548a,Wed 8pm quiz,,,,,,,,,,,,,,,,,,,
b9c0b467-4b1f-40f5-bbdb-39fb34fe9102,Classic pub,,,,,,,,,,,,,,,,,,,
b9f54374-667d-4707-9e63-ca4802154f9a,Traditional pub,,,,,,,,,,,,,,,,,,,
ba02de58-64f6-417e-a6f2-6cae49ac3827,Traditional pub,,,,,,,,,,,,,,,,,,,
ba0800b7-647d-425f-8089-6507c417b099,TBC,,,,,,,,,,,,,,,,,,,
ba80cc96-10c6-4a81-b064-939b49818c4e,Botanical bar with occasional live music performances,,,,,,,,,,,,,,,,,,,
bac90b1c-9d1f-444e-b04d-f4cc4e6c80ca,Karaoke hire. Closed Sun,,,,,,,,,,,,,,,,,,,
bb7965da-eb3b-4807-a947-5f3291f4a4af,Hotel cocktail bar,,,,,,,,,,,,,,,,,,,
bc32e738-6d62-4be7-bf42-a447723bf076,4.2,,,,,,,,,,,,,,,,,,,
bcb5569d-e16c-4959-985e-0e52ab7d293f,Monday 7.45pm Quiz,,,,,,,,,,,,,,,,,,,
bcc7baad-dc82-445e-9fd1-8016f441f5a1,Traditional pub,,,,,,,,,,,,,,,,,,,
bd3d76b8-8795-4321-85f9-39a8397e5fdb,Sun 7pm quiz,,,,,,,,,,,,,,,,,,,
bd3e47c7-f76a-4998-9bbd-167e68d1ee42,Live music most nights. Pub with Malaysian food,,,,,,,,,,,,,,,,,,,
bd91ccd3-b983-4477-a300-f8916dc45c1d,Shuffle board,,,,,,,,,,,,,,,,,,,
be392cbb-c520-4bf8-b2bc-af0185a610e1,Mon 7pm quiz. Karaoke hire,,,,,,,,,,,,,,,,,,,
be442317-97c2-4b63-9acf-bdfd85f186a0,Tues: board games. Wed: 8pm quiz. Riverside view.,,,,,,,,,,,,,,,,,,,
be46df09-fe27-4e4e-b0ef-eb96acb62ce8,TBC,,,,,,,,,,,,,,,,,,,
be73a1f9-62cc-470a-955b-094c4b734938,Gay friendly bar. Mon/Tue closed,,,,,,,,,,,,,,,,,,,
be862e4d-289c-4650-ba61-f39180d99712,Weekend only,,,,,,,,,,,,,,,,,,,
be8eb9ff-1018-4efd-8d78-984e50ed2365,Traditional pub,,,,,,,,,,,,,,,,,,,
bea4c452-ce54-41a3-beaf-8ca6e2d133a8,Riverside pub,,,,,,,,,,,,,,,,,,,
beb70c0a-8a4c-4c39-b220-46b5a16cdb8c,Modern pub,,,,,,,,,,,,,,,,,,,
bedb5f88-f233-497d-8e1c-f8e553a47d67,0,,,,,,,,,,,,,,,,,,,
bf525a4f-4c2f-42cb-9ecd-1513e1decf68,"Tue: pottery, Sun: music, kayak hire",,,,,,,,,,,,,,,,,,,
bf961439-ab47-47bc-a3f0-b1aba8ffaa4f,Classic pub,,,,,,,,,,,,,,,,,,,
bfbc7812-741b-443c-b9d7-a737434aee94,Traditional pub,,,,,,,,,,,,,,,,,,,
bfe9cb5f-28a3-45b0-94dd-9e0a55860a1e,Tue:open mic. Sun:8pm quiz,,,,,,,,,,,,,,,,,,,
bffe873c-6ab4-44b2-9dbe-7711388e05eb,Traditional pub,,,,,,,,,,,,,,,,,,,
c00317f7-3f5a-4b01-9f11-4833c28b0d2a,Modern bar with outdoor seating,,,,,,,,,,,,,,,,,,,
c0120f51-ab4c-476d-bd91-4d5f246e9074,Table tennis and table football. Closed Sun-Tue,,,,,,,,,,,,,,,,,,,
c08f2b51-f079-4dfd-b6df-8a1a9a8f15c3,Traditional pub,,,,,,,,,,,,,,,,,,,
c090169c-1d66-4cfc-9e3c-50a809591626,Bar snacks only,,,,,,,,,,,,,,,,,,,
c0bcde91-19f3-4668-a350-21136331e28d,Classic pub,,,,,,,,,,,,,,,,,,,
c1044c8f-4f99-4056-8d6a-c0ada8f65bb8,Tue: jazz. Sat; live music,,,,,,,,,,,,,,,,,,,
c1780172-c0ae-4986-9870-c1f41d07186a,Hotel and events venue,,,,,,,,,,,,,,,,,,,
c1f966e4-2396-4607-bf7c-638fe4f68399,City bar,,,,,,,,,,,,,,,,,,,
c26bd2e6-40d3-48c8-9d1e-9d4fd4af3231,Mon 8pm quiz,,,,,,,,,,,,,,,,,,,
c2d548eb-fa0d-4685-ad65-298a326e7095,Rooftop bar with DJs,,,,,,,,,,,,,,,,,,,
c3268e1a-374b-4713-9326-f524d2f4ca87,Dining room and outdoor seating,,,,,,,,,,,,,,,,,,,
c39dc71f-10e9-49de-8ee2-d4327dbf23e4,Great decor with Thur sing-a-long,,,,,,,,,,,,,,,,,,,
c39e7404-5f5c-4ebf-adaa-3412cb3f1a61,Wed 8pm quiz,,,,,,,,,,,,,,,,,,,
c5750a08-a2e0-4957-9628-b7425700ea90,Brewery tours. Mon-Wed closed,,,,,,,,,,,,,,,,,,,
c5cb1688-bfcf-4cbb-a416-380acea1923f,Traditional pub,,,,,,,,,,,,,,,,,,,
c5ec367b-daee-471d-9d22-052771185713,Karaoke,,,,,,,,,,,,,,,,,,,
c650c468-2d0a-4c47-910c-131f0ad077e9,Wed/Thurs live music,,,,,,,,,,,,,,,,,,,
c6593047-e70c-4bd2-a82e-c0ed8f250269,Outdoor seating,,,,,,,,,,,,,,,,,,,
c6a3924f-4677-41aa-8abb-b6f330655602,Pub with accommodation,,,,,,,,,,,,,,,,,,,
c6dc0911-17ad-48e9-8574-4aa107f434c4,Tue 8pm poker. Thur 8.30pm quiz. Sun live music,,,,,,,,,,,,,,,,,,,
c7223326-661e-49ed-a0b2-da5bd4758508,Jazz and blues every night,,,,,,,,,,,,,,,,,,,
c73c73e4-aefa-48fd-aaa7-c2abdae3aaf5,Wed 8pm quiz and drag nights,,,,,,,,,,,,,,,,,,,
c7e41c6b-81d4-411c-b051-3447583813fe,Thur & Sun music. Outdoor seating,,,,,,,,,,,,,,,,,,,
c842ceb4-a74b-43d4-8441-3adbbd4daf8d,Tue games night. Wed quiz night. Fri/Sat live music ,,,,,,,,,,,,,,,,,,,
c850db37-4d0b-41de-8e41-eb3f812a2e4b,Foody pub,,,,,,,,,,,,,,,,,,,
c85d9111-5376-444d-aadd-6959fe11f72d,Sat murder mystery,,,,,,,,,,,,,,,,,,,
c898bd8c-d5b4-4bb5-819b-d80378ecbd70,Table football. Karaoke hire. Outdoor seating,,,,,,,,,,,,,,,,,,,
c8b2ead4-dd72-4b65-b9ae-8960507b3ecb,Rooftop with accomodation,,,,,,,,,,,,,,,,,,,
c94d0f45-43a1-4653-9c13-3ccd1c5945f1,Classic pub with great decor,,,,,,,,,,,,,,,,,,,
c966c188-cb5e-4d6f-9e1a-c6e73f8dfbc5,Comedy night. Outdoor seating with views of the park,,,,,,,,,,,,,,,,,,,
c997af44-8b84-43df-b0d4-91a4479649ca,Regular comedy. Tue quiz. Accommodation,,,,,,,,,,,,,,,,,,,
c9a47e3c-2575-4575-a2c0-869a98cdfb6e,Rooftop bar,,,,,,,,,,,,,,,,,,,
c9cb2f10-838b-400b-aaa9-a2a2a4defe64,Wed 8pm quiz. Jazz Sundays. Outdoor seating,,,,,,,,,,,,,,,,,,,
c9f7df01-abab-4555-a88e-26b323912bb7,Mon 7.30pm quiz,,,,,,,,,,,,,,,,,,,
cb8b3078-6cff-48dc-a629-5b562730874c,Daily live jazz,,,,,,,,,,,,,,,,,,,
cb9c11de-61f1-4583-a8eb-4b7a9d89f912,Classic pub,,,,,,,,,,,,,,,,,,,
cbf845e6-0b18-4153-a87c-a916cef54fab,Various events,,,,,,,,,,,,,,,,,,,
cce40d2c-4f59-49c1-8be3-5d51b33a6163,Prison cell tours and board games. Outdoor seating,,,,,,,,,,,,,,,,,,,
cd2b49a2-048e-4ce7-abeb-df570f2320ec,Thur 7pm quiz,,,,,,,,,,,,,,,,,,,
cda9928e-ee30-4c1d-a992-327d64725d81,Wed comedy / film. Thur open mic. Occasional quiz,,,,,,,,,,,,,,,,,,,
cdece2d6-cd2d-48bd-be70-2317db1ef773,Weatherspoons,,,,,,,,,,,,,,,,,,,
cdfb2c2e-c05d-4891-9228-1e918c4ae0bc,Regular live country music,,,,,,,,,,,,,,,,,,,
ce2548a3-47f9-4e24-9ac3-3cd34805290a,Traditional pub,,,,,,,,,,,,,,,,,,,
ce8c001f-8bd1-4a19-a7b6-170cce6dda6e,Outdoor seating,,,,,,,,,,,,,,,,,,,
ceaea7ac-c535-4b98-8e43-9c27fc759fc0,TBC,,,,,,,,,,,,,,,,,,,
cec763ee-5ad8-4b86-8d58-bbf96c5407d9,Traditional pub,,,,,,,,,,,,,,,,,,,
cf3b7582-9056-4f63-8421-67ff8fc2f156,Fri karaoke,,,,,,,,,,,,,,,,,,,
cf5c45aa-aaf6-4ac0-ba85-8cdb27e4d276,Classic pub,,,,,,,,,,,,,,,,,,,
d015539a-55fe-480f-b96d-156382cf87b5,Tue 7.30pm quiz. Fri/Sat DJs. Outdoor seating.,,,,,,,,,,,,,,,,,,,
d05ed054-2d7c-40ab-b2b6-618b7cdd339a, ,,,,,,,,,,,,,,,,,,,
d0a713b3-1211-417a-b221-1b2679230679,Riverside setting with some events,,,,,,,,,,,,,,,,,,,
d0b56227-3c66-40d6-81d7-aa19c1f50dea,Tuesday 8pm quiz,,,,,,,,,,,,,,,,,,,
d0f180bb-334a-4c66-8027-ffa9879ff465,Closed.  Reopens 27th July,,,,,,,,,,,,,,,,,,,
d146e8d7-4e0f-4814-ac83-2b1b419e9ff6,Sandy beach bar. Occasional events. Mon-Wed closed,,,,,,,,,,,,,,,,,,,
d16c1055-642f-4853-a97c-5c7ed1baf76b,Junkyard decor with live drawing on Mon,,,,,,,,,,,,,,,,,,,
d1b6f9d8-77ff-4a30-9ed2-6c3d698c341b,Traditional pub,,,,,,,,,,,,,,,,,,,
d1cab6b6-3c33-4e23-a363-3e0a496ae2cf,3rd Mon nice drawing. Closed Mon,,,,,,,,,,,,,,,,,,,
d234616f-b731-4b14-92cf-f4ba4f8109f5,Traditional pub,,,,,,,,,,,,,,,,,,,
d23dc1c7-778d-45df-a78b-fb96bf7fbfec,Clay pigeon shooting,,,,,,,,,,,,,,,,,,,
d2584afb-c40b-48a2-8c1d-ddb6c7f2e26b,Unique pub,,,,,,,,,,,,,,,,,,,
d258ccd8-c220-4ab7-80e8-489f067d330f,TBC,,,,,,,,,,,,,,,,,,,
d272b768-d040-401f-b3e4-f6f70bce1896,Traditional pub,,,,,,,,,,,,,,,,,,,
d27344c5-c1f5-4d13-b79f-057b14a0a360,Bar billiards and outdoor seating,,,,,,,,,,,,,,,,,,,
d324bef0-4d75-438b-8a2a-9be977c67942,Jazz on Wed/Thur 9.30pm,,,,,,,,,,,,,,,,,,,
d32da59a-43c2-4478-a9a0-70e724acc75a,Karaoke hire on Fri/Sat only,,,,,,,,,,,,,,,,,,,
d345a6b6-b95e-4f35-9cda-66e75badb7a9,"Mon:open mic, Thur: karaoke, Fri/Sat: music, Sun:quiz 8.30pm ",,,,,,,,,,,,,,,,,,,
d39aa0b0-e9c3-4146-9925-ca1c517d068a,Theatre pub,,,,,,,,,,,,,,,,,,,
d3a1324e-92ef-46d4-bcbe-5a616bfe8cee,Traditional pub,,,,,,,,,,,,,,,,,,,
d3b6ad54-f464-4c7c-ad22-703c699ae5ec,Riverside pub. Tue 7.30pm quiz bingo,,,,,,,,,,,,,,,,,,,
d447c775-f09e-4df2-acb5-bfbe06f51f19,False,,,,,,,,,,,,,,,,,,,
d4ea95cf-e3b8-488f-b3c5-160b4cd5d974,Sat live music. Outdoor seating,,,,,,,,,,,,,,,,,,,
d5337a02-d51d-448a-8cce-608673fffdfd,Roof top bar,,,,,,,,,,,,,,,,,,,
d5518e94-d024-4dec-a5ae-7ce30ef25743,Tue quiz. Bar billiards,,,,,,,,,,,,,,,,,,,
d5cd1760-b22e-49e8-832e-6eb5cab180f3,Unique setting,,,,,,,,,,,,,,,,,,,
d5ec18cc-ae6f-4138-a904-a0a68b98adf5,Thur 8pm quiz. Last Tue drag bingo,,,,,,,,,,,,,,,,,,,
d604559d-1c53-4314-b5d8-f8d24caf1c9d,Sun 8pm quiz. Outdoor seating,,,,,,,,,,,,,,,,,,,
d64e6319-ccb2-4ec1-a06a-e651ca038283,Traditional pub,,,,,,,,,,,,,,,,,,,
d6bce8f4-f1db-4b8b-8bcf-c12cb7581e81,Sun 7.30pm quiz. Mon open mic,,,,,,,,,,,,,,,,,,,
d6c545ff-cbe9-46d7-bfb5-bd8ec038dd3a,Wine bar with table tennis table,,,,,,,,,,,,,,,,,,,
d7bbec93-b3c4-4e47-aba4-2edcb9598a21, ,,,,,,,,,,,,,,,,,,,
d7dccf30-51e4-4766-b25f-34b4eec401c7,Traditional pub ,,,,,,,,,,,,,,,,,,,
d82797b4-a664-42c6-9346-2fe5534cce99,TBC,,,,,,,,,,,,,,,,,,,
d85fb6fb-3a43-409d-9dfd-1caa0e992f78,TBC,,,,,,,,,,,,,,,,,,,
d8845018-5e5e-4ad1-8e81-b28760224920,Sun quiz,,,,,,,,,,,,,,,,,,,
d8ac6e40-18aa-4cd2-bad9-c24097babf0d,Craft beer pub,,,,,,,,,,,,,,,,,,,
d8b030ff-fb74-4f72-9cf4-8a3ec8434007,Classic pub,,,,,,,,,,,,,,,,,,,
d99dfb84-5486-422d-9698-cec02a5bb71a,Wine tours,,,,,,,,,,,,,,,,,,,
d9eddec9-79ea-451a-8281-2633fa3e0d7f,Colourful pub with attached theatre. Sun 7.30pm quiz,,,,,,,,,,,,,,,,,,,
da4e463a-461e-4c5a-acbe-6d72ecac2119,0,,,,,,,,,,,,,,,,,,,
da97ad9b-7ee1-4822-a788-85ede5f580b1,Interesting interior,,,,,,,,,,,,,,,,,,,
dabc295c-96f2-44fc-afe0-7b30338e8714,Traditional pub,,,,,,,,,,,,,,,,,,,
dae2c7dc-33bb-421c-9cc2-b2568663e1c9,TBC,,,,,,,,,,,,,,,,,,,
db9735e9-0aa8-4c6b-9ca7-96843efe0c93,Weatherspoons. Thur karaoke,,,,,,,,,,,,,,,,,,,
dba3ecae-092a-4b7a-b78c-3fa24f1bf51f,Traditional pub,,,,,,,,,,,,,,,,,,,
dbd26126-fc61-4fc9-9b3c-a62dc1032abb,Tue 7.30pm chess club. Thur 8pm quiz,,,,,,,,,,,,,,,,,,,
dc337edd-d2e4-4886-89e7-a34ab1892ab9,Wed/Sun jazz,,,,,,,,,,,,,,,,,,,
dc3dc762-de64-421e-bc0b-e861e3766ae2,Rooftop bar with romantic restaurant,,,,,,,,,,,,,,,,,,,
dce72725-aec6-495c-93a4-88fa5b2ddef5,Brewery tours,,,,,,,,,,,,,,,,,,,
dd064338-54da-4ff0-a621-4d49728f8236,Riverside pub with Mon 7.30pm quiz,,,,,,,,,,,,,,,,,,,
ddcba12b-1354-40cb-9164-d34884314057,Tue life drawing. Wed 8pm quiz,,,,,,,,,,,,,,,,,,,
df2bdeae-e905-417b-927e-c915edee287c,Weekday only with outdoor seating,,,,,,,,,,,,,,,,,,,
df57d176-ff32-4323-ab01-7be0c44435f5,Outdoor seating,,,,,,,,,,,,,,,,,,,
df78699d-0f0f-4bef-bbc7-dcbcc926fcc2,Tue quiz,,,,,,,,,,,,,,,,,,,
e08ad1f3-3943-46cd-bdf5-ce9fdcdef72f,Large outdoor area,,,,,,,,,,,,,,,,,,,
e11b2048-5a29-48e1-a059-a87797a18ebc,Mon 8pm quiz. Outdoor seating,,,,,,,,,,,,,,,,,,,
e1981c7d-fc99-45ef-92cf-c4aac6090cfc,Traditional pub,,,,,,,,,,,,,,,,,,,
e1c63b30-18e8-4ce7-a7d9-5dae00d9e3eb,Cafe bar with sofas,,,,,,,,,,,,,,,,,,,
e22e61f5-0e2f-4323-b826-1a389d26087b,0,,,,,,,,,,,,,,,,,,,
e2b92142-0b63-4f83-a618-3563253427b6,Outdoor seating,,,,,,,,,,,,,,,,,,,
e320b2dd-c3d6-42e0-86cf-697ea8b1342a,Classic pub with open fire,,,,,,,,,,,,,,,,,,,
e46163a4-30e2-41c7-8054-98d8f37e5c4b,Traditional pub,,,,,,,,,,,,,,,,,,,
e47ad9d4-9124-4218-b2a8-eabf6a8f54d1,Traditional pub. Closed Mon/Tue,,,,,,,,,,,,,,,,,,,
e491d366-62be-4fbe-802e-0c87cae24721,Views of St.Pauls,,,,,,,,,,,,,,,,,,,
e4a67441-49af-40bd-ad4c-df88ba87f85e,Thur karaoke. Sat/Sun live music,,,,,,,,,,,,,,,,,,,
e5612753-39af-4bbc-80ea-d6e9da2c80e7,Traditional pub,,,,,,,,,,,,,,,,,,,
e5999686-9288-4e72-97ab-e6d40c91d8a8,Quirky decor. Closed Mon,,,,,,,,,,,,,,,,,,,
e5a2d84a-ce35-4087-9faa-ab8ebf3549f0,Traditional pub,,,,,,,,,,,,,,,,,,,
e600a80e-b8d6-49d9-b528-d9186c22fc1c,Outside space and 6 Thurs,,,,,,,,,,,,,,,,,,,
e620aa52-3217-4d9c-b733-36b8e5fe71d6,Pub with fine dining,,,,,,,,,,,,,,,,,,,
e660f5e3-b9f5-4dd8-90ef-0ecc6c87a15c,Traditional pub,,,,,,,,,,,,,,,,,,,
e6adbab2-cc94-4d90-a2ac-4265aec986ef,Revamped Weatherspoons,,,,,,,,,,,,,,,,,,,
e742eaeb-ca3a-4b61-bf87-186aec8dd672,Rooftop bar Fri-Sun only,,,,,,,,,,,,,,,,,,,
e74bdf25-8684-46f9-879b-4c756f8408c8,Traditional pub with quiz night,,,,,,,,,,,,,,,,,,,
e77e436f-d231-42f2-b45a-cae75e3219d8,Traditional pub,,,,,,,,,,,,,,,,,,,
e7a5873d-e2ce-45d0-bbd3-f3a37575a672,Shuffleboard,,,,,,,,,,,,,,,,,,,
e8cbe945-648f-4a82-8e4b-8a6eb043af7f,American restaurant,,,,,,,,,,,,,,,,,,,
e95ee218-3881-4f6f-9cf1-f246adaa09bb,Traditional pub with pizza,,,,,,,,,,,,,,,,,,,
e9ab9272-e5b4-481b-bd81-0fb25dc0b5b0,Traditional pub,,,,,,,,,,,,,,,,,,,
e9b0c3df-1659-4ac8-9f43-9e5e5f4c3b9f,Canalside bar with outdoor seating,,,,,,,,,,,,,,,,,,,
e9ec51c9-fd81-4b03-b3b2-0a3b1f16bfc6,Riverside pub. Tue 7pm quiz. Regular jazz nights,,,,,,,,,,,,,,,,,,,
eab9451c-265a-4d83-b539-e782c24bb490,Tue/Thur 8pm quiz and comedy nights,,,,,,,,,,,,,,,,,,,
eabe0a83-2841-4c72-b86a-4fb5504e2161,Beautiful facade,,,,,,,,,,,,,,,,,,,
eafd0eca-152d-4c97-a0d4-d3f68512420d,Daily live music,,,,,,,,,,,,,,,,,,,
ebd6f61a-3217-482d-9615-cbee464fe2c3,Craft beers,,,,,,,,,,,,,,,,,,,
ecb72215-6284-4876-8d89-b5ba30789ab2,Small pub,,,,,,,,,,,,,,,,,,,
ecd43a0d-0ceb-4e86-b9af-b408eee96b18,Canoes. Weekend only,,,,,,,,,,,,,,,,,,,
ecefbb5e-f81c-4380-9c13-97f27c06954e,Sun 7.30pm quiz,,,,,,,,,,,,,,,,,,,
ed530a98-058f-4b2d-afb1-2adc4916e305,Mon 7pm quiz. Regular live music and comedy,,,,,,,,,,,,,,,,,,,
ed583f06-2e38-43c5-bfd4-97d68006a041,False,,,,,,,,,,,,,,,,,,,
ee6111f6-779e-4e3a-b6f8-bbf26d0d53c2,Taproom with some live music. Sun-Tue closed,,,,,,,,,,,,,,,,,,,
eeb52bb4-449c-4b35-b25e-c9ff9795e4f0,Monday quiz. Open mic nights 1st Thur/month,,,,,,,,,,,,,,,,,,,
eef15e99-0ec1-4296-85b6-530d218819d5,Mon 7pm quiz. Thur live music. Fri/Sat DJs,,,,,,,,,,,,,,,,,,,
ef30367b-bbd4-429a-83d8-6af834e2f668,Canal side bar with stuff for kids,,,,,,,,,,,,,,,,,,,
ef3de685-4c13-4560-bd49-e6060f9ea86b,Riverside bar with outdoor seating,,,,,,,,,,,,,,,,,,,
ef71847c-035f-4d12-ae3d-992b05a1402d,Traditional pub,,,,,,,,,,,,,,,,,,,
efcf3870-da4d-4a44-9c1b-3d5be38edeaa,Classic pub,,,,,,,,,,,,,,,,,,,
f0f9f809-0819-4a12-9a7e-8ff31572a1e2,Gay friendly bar with drag and music events,,,,,,,,,,,,,,,,,,,
f11566da-401d-4b0c-9954-65f8b4b96cc0,Outdoor seating,,,,,,,,,,,,,,,,,,,
f12f4cc5-27e9-4691-8dce-dba40040903f,Music and comedy,,,,,,,,,,,,,,,,,,,
f203b61c-9fbe-4ec0-ad8f-aed1da80d216,Bingo brunch 1pm Saturday,,,,,,,,,,,,,,,,,,,
f23fbf74-e059-4cda-bce5-46168f7a059f,False,,,,,,,,,,,,,,,,,,,
f2a0f4c8-715b-415a-a8a9-82be81e39619,TBC,,,,,,,,,,,,,,,,,,,
f2a37e3c-43fc-4c7f-b62e-fa7e491f1625,Student only bar with Mon quizzer bingo. Tue jazz,,,,,,,,,,,,,,,,,,,
f2b74a89-ca18-4500-adf6-80d04d21fc35,Jazz once a month,,,,,,,,,,,,,,,,,,,
f2deca00-404e-4a66-87ac-06fcd27521a9,Seafood dining,,,,,,,,,,,,,,,,,,,
f2e85f28-1978-481b-a3d4-87259afcde64,Outdoor seating,,,,,,,,,,,,,,,,,,,
f2fad9c5-2686-483e-83f1-977936d31f39,Thur 8pm quiz,,,,,,,,,,,,,,,,,,,
f322dcd3-d294-447d-b40f-2293fe1d3659,Cocktail bar,,,,,,,,,,,,,,,,,,,
f39db520-b94f-49a5-8c56-e1afad69483d,Pour own pints,,,,,,,,,,,,,,,,,,,
f43635e9-6270-4bd9-bb3f-cde1eb4e0484,Organic pub with dining,,,,,,,,,,,,,,,,,,,
f47dbe6b-1428-4bb8-a017-0a0062785ed9,0,,,,,,,,,,,,,,,,,,,
f4c9d531-837c-4977-ab52-3201a9ce664f,Wine tasting,,,,,,,,,,,,,,,,,,,
f4d59bf5-745e-4714-91b3-d8b2bea1cfb8,0,,,,,,,,,,,,,,,,,,,
f4e708fc-7f10-47d7-a30a-372cbf89f25c,Gothic decor ,,,,,,,,,,,,,,,,,,,
f523c8d4-fe35-45af-b9bb-af9f411feac5,Karaoke hire,,,,,,,,,,,,,,,,,,,
f555e6f4-e30d-43b2-acbe-e2c3fb4c4cea,Traditional pub,,,,,,,,,,,,,,,,,,,
f587af14-eb99-4aa9-b0ac-b9de7fc72a10,"Quiz, bingo and DJs",,,,,,,,,,,,,,,,,,,
f5e951e4-ab9a-4e8e-926e-94d26bcdc5cf,Outdoor seating. Sat/Sun closed,,,,,,,,,,,,,,,,,,,
f62b6c54-6847-47f8-8112-f6269578125f,Comedy,,,,,,,,,,,,,,,,,,,
f6d03468-da16-4961-b622-f907e1958ded,Quirky Norwegian decor. Tue 8pm quiz. Board games,,,,,,,,,,,,,,,,,,,
f6e11b5c-cf77-4f39-81fa-6d3ff8bd9bdc,Thur 8pm quiz. Friday comedy. 1st Mon ukulele lessons. Board games,,,,,,,,,,,,,,,,,,,
f729fee1-c655-47be-bdef-4278fdb7c3e5,Traditional pub,,,,,,,,,,,,,,,,,,,
f739b77a-f490-46b9-8809-10b986844d8f,Wed 7.30pm quiz. Every 2nd Thurs comedy,,,,,,,,,,,,,,,,,,,
f74c12e3-3d4d-43c8-89a7-57431146438d,Fri: open mic night. Sun: sing-a-long,,,,,,,,,,,,,,,,,,,
f7c8fe0f-e105-4225-830b-18b9c049b030,Closed Sat/Sun,,,,,,,,,,,,,,,,,,,
f7ede4d2-d0a3-43eb-85be-c35ea589ea7f,Cocktail bar with live music events,,,,,,,,,,,,,,,,,,,
f7f4c32c-c57b-4e00-a47c-3090616cd866,Shisha and cocktail bar,,,,,,,,,,,,,,,,,,,
f86ba14f-22b0-4492-9aa4-6234cced8e8a,1st Tue quiz. Fri live music,,,,,,,,,,,,,,,,,,,
f8912654-fd42-472b-ab2c-efdf4522b44f,Traditional pub,,,,,,,,,,,,,,,,,,,
f9120818-3901-49a4-babe-474246231ce9,TBC,,,,,,,,,,,,,,,,,,,
f933b4b5-3a06-4015-b23d-ded0d4dd8f70,Traditional pub,,,,,,,,,,,,,,,,,,,
f941dc57-006f-47b0-99db-c265d31e4139,City bar,,,,,,,,,,,,,,,,,,,
f9920659-fc05-45b6-a298-991910d95b52, ,,,,,,,,,,,,,,,,,,,
fa24fedf-0c19-4e57-8870-90101bc42aa1,"Only Fri, Sat & Sun",,,,,,,,,,,,,,,,,,,
facd8fad-fc62-4519-9751-bbb0d06b01fe,Classic pub,,,,,,,,,,,,,,,,,,,
fb633682-9d29-47d1-81cd-a1848becebb0,Every other Mon 7.30pm quiz. Last Thur jazz,,,,,,,,,,,,,,,,,,,
fbfe14ab-a48b-424f-b09d-6c1478f0edcb,Tue quiz. Wed karaoke. Thur race night. Outdoor seating,,,,,,,,,,,,,,,,,,,
fc458d09-1661-41da-bad9-867e49c720ce, Sun 7pm quiz,,,,,,,,,,,,,,,,,,,
fc6df57e-c8a2-456c-9675-df227c91fbe9, ,,,,,,,,,,,,,,,,,,,
fc6e5974-2c14-407d-8272-71c9c95e8faf,Outdoor seating,,,,,,,,,,,,,,,,,,,
fd1f6053-8868-419a-a445-fd24a21e8b99,Traditional pub,,,,,,,,,,,,,,,,,,,
fd81e821-5fff-40a3-ae44-1734679d0269,TBC,,,,,,,,,,,,,,,,,,,
fdfe103a-06d9-4636-b498-a9d698bfe538,Hidden bar,,,,,,,,,,,,,,,,,,,
fe0c2771-3e66-4073-9632-e9e649b7227d,Outdoor seating,,,,,,,,,,,,,,,,,,,
fe2c34eb-b44c-4b72-8a6c-dcd9aaedf162,Outdoor seating,,,,,,,,,,,,,,,,,,,
fe5b20bb-5452-4881-81a7-37ff266aa193,TBC,,,,,,,,,,,,,,,,,,,
fe76dd20-eba9-496c-aace-871e013f4657,Traditional pub,,,,,,,,,,,,,,,,,,,
ff07c9fe-4a19-4305-beb1-c98347370fbc,Wine bar,,,,,,,,,,,,,,,,,,,
ff1be3fe-9942-441e-a9e3-f329d0b65eb2,Mon 8pm quiz,,,,,,,,,,,,,,,,,,,
ff20b3c0-b8ab-433e-9c1f-cfed10f20a3c,Spurs bar open match days,,,,,,,,,,,,,,,,,,,
